ctime,datname,pid,usesysid,usename,application_name,client_addr,client_port,backend_start,xact_start,query_start,waiting,query,state,state_change
1430599406.79158,dbt2,39792,10,mark,dbt2-client,,-1,2015-05-02 21:43:25.535677+01,,2015-05-02 21:43:26.774194+01,f,COMMIT,idle,2015-05-02 21:43:26.776636+01
1430599406.79158,dbt2,39796,10,mark,dbt2-client,,-1,2015-05-02 21:43:25.635598+01,,2015-05-02 21:43:26.77672+01,f,COMMIT,idle,2015-05-02 21:43:26.776738+01
1430599406.79158,dbt2,39798,10,mark,dbt2-client,,-1,2015-05-02 21:43:25.735722+01,,2015-05-02 21:43:26.786518+01,f,COMMIT,idle,2015-05-02 21:43:26.788943+01
1430599406.79158,dbt2,39800,10,mark,dbt2-client,,-1,2015-05-02 21:43:25.835783+01,,2015-05-02 21:43:26.755359+01,f,COMMIT,idle,2015-05-02 21:43:26.755376+01
1430599406.79158,dbt2,39802,10,mark,dbt2-client,,-1,2015-05-02 21:43:25.935887+01,2015-05-02 21:43:26.790859+01,2015-05-02 21:43:26.790881+01,f,"SELECT stock_level(1, 1, 12)",idle in transaction,2015-05-02 21:43:26.793013+01
1430599406.79158,dbt2,39804,10,mark,dbt2-client,,-1,2015-05-02 21:43:26.036017+01,,2015-05-02 21:43:26.757771+01,f,COMMIT,idle,2015-05-02 21:43:26.759028+01
1430599406.79158,dbt2,39806,10,mark,dbt2-client,,-1,2015-05-02 21:43:26.136178+01,,2015-05-02 21:43:26.75925+01,f,COMMIT,idle,2015-05-02 21:43:26.759635+01
1430599406.79158,dbt2,39808,10,mark,dbt2-client,,-1,2015-05-02 21:43:26.236372+01,,2015-05-02 21:43:26.765434+01,f,COMMIT,idle,2015-05-02 21:43:26.766028+01
1430599406.79158,dbt2,39810,10,mark,dbt2-client,,-1,2015-05-02 21:43:26.33654+01,,2015-05-02 21:43:26.761531+01,f,COMMIT,idle,2015-05-02 21:43:26.763183+01
1430599406.79158,dbt2,39812,10,mark,dbt2-client,,-1,2015-05-02 21:43:26.436665+01,,2015-05-02 21:43:26.743698+01,f,COMMIT,idle,2015-05-02 21:43:26.745275+01
1430599406.79158,dbt2,39814,10,mark,dbt2-client,,-1,2015-05-02 21:43:26.549035+01,,2015-05-02 21:43:26.773758+01,f,COMMIT,idle,2015-05-02 21:43:26.775229+01
1430599406.79158,dbt2,39923,10,mark,dbt2-client,,-1,2015-05-02 21:43:26.752235+01,2015-05-02 21:43:26.790665+01,2015-05-02 21:43:26.79303+01,f,FETCH ALL IN mycursor,active,2015-05-02 21:43:26.793031+01
1430599406.79158,dbt2,39882,10,mark,dbt2-client,,-1,2015-05-02 21:43:26.649205+01,,2015-05-02 21:43:26.765558+01,f,COMMIT,idle,2015-05-02 21:43:26.76638+01
1430599406.79158,dbt2,39938,10,mark,psql,,-1,2015-05-02 21:43:26.783166+01,2015-05-02 21:43:26.784666+01,2015-05-02 21:43:26.784666+01,f,"COPY (SELECT EXTRACT(EPOCH FROM TRANSACTION_TIMESTAMP()) AS ctime, a.schemaname, a.relname, seq_scan, seq_tup_read, idx_scan, idx_tup_fetch, n_tup_ins, n_tup_upd, n_tup_del, n_tup_hot_upd, n_live_tup, n_dead_tup, heap_blks_read, heap_blks_hit, idx_blks_read, idx_blks_hit, toast_blks_read, toast_blks_hit, tidx_blks_read, tidx_blks_hit FROM pg_statio_all_tables a, pg_stat_all_tables b WHERE a.relid = b.relid) TO STDOUT (FORMAT CSV, HEADER);",active,2015-05-02 21:43:26.784672+01
1430599406.79158,dbt2,39939,10,mark,psql,,-1,2015-05-02 21:43:26.790085+01,2015-05-02 21:43:26.791584+01,2015-05-02 21:43:26.791584+01,f,"COPY (SELECT EXTRACT(EPOCH FROM TRANSACTION_TIMESTAMP()) AS ctime, datname, pid, usesysid, usename, application_name, client_addr, client_port, backend_start, xact_start, query_start, waiting, query , state, state_change FROM pg_stat_activity) TO STDOUT (FORMAT CSV, HEADER);",active,2015-05-02 21:43:26.79159+01
1430599466.84553,dbt2,39792,10,mark,dbt2-client,,-1,2015-05-02 21:43:25.535677+01,2015-05-02 21:44:26.757184+01,2015-05-02 21:44:26.844645+01,f,COMMIT,active,2015-05-02 21:44:26.844646+01
1430599466.84553,dbt2,39796,10,mark,dbt2-client,,-1,2015-05-02 21:43:25.635598+01,2015-05-02 21:44:26.814011+01,2015-05-02 21:44:26.814059+01,t,"SELECT payment(1, 7, 0, 1, 7, 'PRESCALLYESE', 3941.010000)",active,2015-05-02 21:44:26.814059+01
1430599466.84553,dbt2,39798,10,mark,dbt2-client,,-1,2015-05-02 21:43:25.735722+01,2015-05-02 21:44:26.737355+01,2015-05-02 21:44:26.843082+01,f,COMMIT,active,2015-05-02 21:44:26.843083+01
1430599466.84553,dbt2,39800,10,mark,dbt2-client,,-1,2015-05-02 21:43:25.835783+01,2015-05-02 21:44:26.749094+01,2015-05-02 21:44:26.749122+01,t,"SELECT payment(2, 1, 1842, 2, 1, '', 3420.280000)",active,2015-05-02 21:44:26.749122+01
1430599466.84553,dbt2,39802,10,mark,dbt2-client,,-1,2015-05-02 21:43:25.935887+01,2015-05-02 21:44:26.836592+01,2015-05-02 21:44:26.837327+01,t,"SELECT payment(2, 6, 0, 2, 6, 'EINGEINGOUGHT', 998.680000)",active,2015-05-02 21:44:26.837328+01
1430599466.84553,dbt2,39804,10,mark,dbt2-client,,-1,2015-05-02 21:43:26.036017+01,2015-05-02 21:44:26.825253+01,2015-05-02 21:44:26.825279+01,t,"SELECT payment(2, 10, 2877, 1, 9, '', 609.760000)",active,2015-05-02 21:44:26.825279+01
1430599466.84553,dbt2,39806,10,mark,dbt2-client,,-1,2015-05-02 21:43:26.136178+01,2015-05-02 21:44:26.806151+01,2015-05-02 21:44:26.806222+01,t,"SELECT payment(1, 10, 2936, 1, 10, '', 3938.260000)",active,2015-05-02 21:44:26.806222+01
1430599466.84553,dbt2,39808,10,mark,dbt2-client,,-1,2015-05-02 21:43:26.236372+01,2015-05-02 21:44:26.746422+01,2015-05-02 21:44:26.746447+01,t,"SELECT payment(1, 10, 2530, 1, 10, '', 1982.010000)",active,2015-05-02 21:44:26.746447+01
1430599466.84553,dbt2,39810,10,mark,dbt2-client,,-1,2015-05-02 21:43:26.33654+01,2015-05-02 21:44:26.845504+01,2015-05-02 21:44:26.845504+01,f,BEGIN,idle in transaction,2015-05-02 21:44:26.84552+01
1430599466.84553,dbt2,39812,10,mark,dbt2-client,,-1,2015-05-02 21:43:26.436665+01,2015-05-02 21:44:26.844223+01,2015-05-02 21:44:26.84426+01,t,"SELECT payment(1, 9, 0, 1, 9, 'BAROUGHTATION', 3883.420000)",active,2015-05-02 21:44:26.844261+01
1430599466.84553,dbt2,39814,10,mark,dbt2-client,,-1,2015-05-02 21:43:26.549035+01,2015-05-02 21:44:26.837597+01,2015-05-02 21:44:26.844745+01,f,COMMIT,active,2015-05-02 21:44:26.844745+01
1430599466.84553,dbt2,39923,10,mark,dbt2-client,,-1,2015-05-02 21:43:26.752235+01,2015-05-02 21:44:26.837305+01,2015-05-02 21:44:26.837617+01,t,"SELECT payment(2, 5, 680, 1, 1, '', 49.690000)",active,2015-05-02 21:44:26.837617+01
1430599466.84553,dbt2,39882,10,mark,dbt2-client,,-1,2015-05-02 21:43:26.649205+01,,2015-05-02 21:44:26.839402+01,f,COMMIT,idle,2015-05-02 21:44:26.846649+01
1430599466.84553,dbt2,39945,10,mark,dbt2-client,,-1,2015-05-02 21:43:26.850678+01,2015-05-02 21:44:26.784597+01,2015-05-02 21:44:26.788758+01,t,"SELECT payment(2, 6, 0, 2, 6, 'ABLEPRESOUGHT', 1816.340000)",active,2015-05-02 21:44:26.788759+01
1430599466.84553,dbt2,39949,10,mark,dbt2-client,,-1,2015-05-02 21:43:26.951352+01,2015-05-02 21:44:26.836636+01,2015-05-02 21:44:26.836853+01,t,"SELECT payment(1, 5, 716, 1, 5, '', 3354.600000)",active,2015-05-02 21:44:26.836854+01
1430599466.84553,dbt2,39954,10,mark,dbt2-client,,-1,2015-05-02 21:43:27.051437+01,2015-05-02 21:44:26.836618+01,2015-05-02 21:44:26.844712+01,f,COMMIT,active,2015-05-02 21:44:26.844712+01
1430599466.84553,dbt2,39958,10,mark,dbt2-client,,-1,2015-05-02 21:43:27.155587+01,2015-05-02 21:44:26.815061+01,2015-05-02 21:44:26.815325+01,t,"SELECT payment(1, 2, 1660, 1, 2, '', 3191.490000)",active,2015-05-02 21:44:26.815325+01
1430599466.84553,dbt2,39962,10,mark,dbt2-client,,-1,2015-05-02 21:43:27.251686+01,2015-05-02 21:44:26.836674+01,2015-05-02 21:44:26.838036+01,f,FETCH ALL IN mycursor,active,2015-05-02 21:44:26.838036+01
1430599466.84553,dbt2,39966,10,mark,dbt2-client,,-1,2015-05-02 21:43:27.356326+01,2015-05-02 21:44:26.804712+01,2015-05-02 21:44:26.808765+01,t,"SELECT payment(2, 4, 0, 2, 4, 'BARANTIBAR', 2578.150000)",active,2015-05-02 21:44:26.808766+01
1430599466.84553,dbt2,39970,10,mark,dbt2-client,,-1,2015-05-02 21:43:27.452524+01,2015-05-02 21:44:26.788157+01,2015-05-02 21:44:26.788329+01,t,"SELECT payment(1, 3, 953, 1, 3, '', 1051.790000)",active,2015-05-02 21:44:26.78833+01
1430599466.84553,dbt2,40001,10,mark,"",,,2015-05-02 21:43:45.60341+01,2015-05-02 21:43:45.93074+01,2015-05-02 21:43:45.93074+01,f,autovacuum: VACUUM ANALYZE public.stock,active,2015-05-02 21:43:45.93074+01
1430599466.84553,dbt2,40023,10,mark,psql,,-1,2015-05-02 21:44:26.843263+01,2015-05-02 21:44:26.845527+01,2015-05-02 21:44:26.845527+01,f,"COPY (SELECT EXTRACT(EPOCH FROM TRANSACTION_TIMESTAMP()) AS ctime, datname, pid, usesysid, usename, application_name, client_addr, client_port, backend_start, xact_start, query_start, waiting, query , state, state_change FROM pg_stat_activity) TO STDOUT (FORMAT CSV);",active,2015-05-02 21:44:26.845533+01
1430599526.82758,dbt2,39792,10,mark,dbt2-client,,-1,2015-05-02 21:43:25.535677+01,2015-05-02 21:45:26.797201+01,2015-05-02 21:45:26.797234+01,t,"SELECT payment(1, 5, 0, 1, 5, 'CALLYANTICALLY', 1250.090000)",active,2015-05-02 21:45:26.797234+01
1430599526.82758,dbt2,39796,10,mark,dbt2-client,,-1,2015-05-02 21:43:25.635598+01,2015-05-02 21:45:26.783793+01,2015-05-02 21:45:26.783848+01,f,"SELECT payment(1, 7, 0, 1, 7, 'ESEOUGHTBAR', 4493.370000)",active,2015-05-02 21:45:26.783848+01
1430599526.82758,dbt2,39798,10,mark,dbt2-client,,-1,2015-05-02 21:43:25.735722+01,2015-05-02 21:45:26.827952+01,2015-05-02 21:45:26.82858+01,f,FETCH ALL IN mycursor,active,2015-05-02 21:45:26.82858+01
1430599526.82758,dbt2,39800,10,mark,dbt2-client,,-1,2015-05-02 21:43:25.835783+01,2015-05-02 21:45:26.811836+01,2015-05-02 21:45:26.811865+01,t,"SELECT payment(1, 7, 1535, 1, 7, '', 579.980000)",active,2015-05-02 21:45:26.811866+01
1430599526.82758,dbt2,39802,10,mark,dbt2-client,,-1,2015-05-02 21:43:25.935887+01,2015-05-02 21:45:26.784794+01,2015-05-02 21:45:26.784974+01,f,"SELECT payment(2, 5, 0, 2, 5, 'BAROUGHTATION', 4228.970000)",active,2015-05-02 21:45:26.784975+01
1430599526.82758,dbt2,39804,10,mark,dbt2-client,,-1,2015-05-02 21:43:26.036017+01,2015-05-02 21:45:26.815514+01,2015-05-02 21:45:26.815971+01,f,FETCH ALL IN mycursor,idle in transaction,2015-05-02 21:45:26.825246+01
1430599526.82758,dbt2,39806,10,mark,dbt2-client,,-1,2015-05-02 21:43:26.136178+01,2015-05-02 21:45:26.779276+01,2015-05-02 21:45:26.779298+01,t,"SELECT payment(2, 9, 0, 1, 4, 'CALLYABLECALLY', 4289.290000)",active,2015-05-02 21:45:26.779299+01
1430599526.82758,dbt2,39808,10,mark,dbt2-client,,-1,2015-05-02 21:43:26.236372+01,2015-05-02 21:45:26.783508+01,2015-05-02 21:45:26.783561+01,t,"SELECT payment(1, 6, 1019, 1, 6, '', 2270.050000)",active,2015-05-02 21:45:26.783561+01
1430599526.82758,dbt2,39810,10,mark,dbt2-client,,-1,2015-05-02 21:43:26.33654+01,2015-05-02 21:45:26.801249+01,2015-05-02 21:45:26.803094+01,t,"SELECT payment(2, 5, 0, 2, 5, 'EINGESEEING', 826.070000)",active,2015-05-02 21:45:26.803095+01
1430599526.82758,dbt2,39812,10,mark,dbt2-client,,-1,2015-05-02 21:43:26.436665+01,2015-05-02 21:45:26.827979+01,2015-05-02 21:45:26.82805+01,f,"DECLARE mycursor CURSOR FOR SELECT new_order(1, 9, 1398, 1, 9, make_new_order_info(65212, 1, 5), make_new_order_info(99578, 1, 2), make_new_order_info(16059, 1, 6), make_new_order_info(39936, 1, 9), make_new_order_info(29656, 1, 1), make_new_order_info(12280, 1, 1), make_new_order_info(76128, 1, 6), make_new_order_info(7918, 1, 1), make_new_order_info(56288, 1, 7), make_new_order_info(0, 0, 0), make_new_order_info(0, 0, 0), make_new_order_info(0, 0, 0), make_new_order_info(0, 0, 0), make_new_order_info(0, 0, 0), make_new_order_info(0, 0, 0) )",idle in transaction,2015-05-02 21:45:26.828171+01
1430599526.82758,dbt2,39814,10,mark,dbt2-client,,-1,2015-05-02 21:43:26.549035+01,2015-05-02 21:45:26.803088+01,2015-05-02 21:45:26.80327+01,t,"SELECT payment(2, 1, 1592, 2, 1, '', 4269.760000)",active,2015-05-02 21:45:26.803271+01
1430599526.82758,dbt2,39923,10,mark,dbt2-client,,-1,2015-05-02 21:43:26.752235+01,2015-05-02 21:45:26.828036+01,2015-05-02 21:45:26.828306+01,t,"SELECT payment(2, 5, 2430, 2, 5, '', 3595.390000)",active,2015-05-02 21:45:26.828306+01
1430599526.82758,dbt2,39882,10,mark,dbt2-client,,-1,2015-05-02 21:43:26.649205+01,2015-05-02 21:45:26.802811+01,2015-05-02 21:45:26.802846+01,t,"SELECT payment(2, 8, 0, 2, 8, 'OUGHTOUGHTATION', 2800.470000)",active,2015-05-02 21:45:26.802846+01
1430599526.82758,dbt2,39945,10,mark,dbt2-client,,-1,2015-05-02 21:43:26.850678+01,2015-05-02 21:45:26.802421+01,2015-05-02 21:45:26.802503+01,t,"SELECT payment(1, 8, 1019, 1, 8, '', 3215.870000)",active,2015-05-02 21:45:26.802504+01
1430599526.82758,dbt2,39949,10,mark,dbt2-client,,-1,2015-05-02 21:43:26.951352+01,2015-05-02 21:45:26.818329+01,2015-05-02 21:45:26.828555+01,f,CLOSE mycursor,idle in transaction,2015-05-02 21:45:26.828573+01
1430599526.82758,dbt2,39954,10,mark,dbt2-client,,-1,2015-05-02 21:43:27.051437+01,2015-05-02 21:45:26.81829+01,2015-05-02 21:45:26.818778+01,t,"SELECT payment(1, 7, 0, 1, 7, 'PRESANTIABLE', 3777.260000)",active,2015-05-02 21:45:26.818778+01
1430599526.82758,dbt2,39958,10,mark,dbt2-client,,-1,2015-05-02 21:43:27.155587+01,2015-05-02 21:45:26.815319+01,2015-05-02 21:45:26.815344+01,t,"SELECT payment(2, 10, 0, 2, 10, 'ESEBAREING', 3555.820000)",active,2015-05-02 21:45:26.815344+01
1430599526.82758,dbt2,39962,10,mark,dbt2-client,,-1,2015-05-02 21:43:27.251686+01,2015-05-02 21:45:26.785484+01,2015-05-02 21:45:26.785511+01,t,"SELECT payment(1, 9, 2560, 1, 8, '', 3034.640000)",active,2015-05-02 21:45:26.785511+01
1430599526.82758,dbt2,39966,10,mark,dbt2-client,,-1,2015-05-02 21:43:27.356326+01,2015-05-02 21:45:26.658431+01,2015-05-02 21:45:26.658453+01,t,"SELECT payment(2, 8, 0, 2, 8, 'ABLEABLEPRI', 1202.280000)",active,2015-05-02 21:45:26.658454+01
1430599526.82758,dbt2,39970,10,mark,dbt2-client,,-1,2015-05-02 21:43:27.452524+01,2015-05-02 21:45:26.752022+01,2015-05-02 21:45:26.752046+01,t,"SELECT payment(1, 8, 656, 1, 8, '', 1867.200000)",active,2015-05-02 21:45:26.752046+01
1430599526.82758,dbt2,40001,10,mark,"",,,2015-05-02 21:43:45.60341+01,2015-05-02 21:44:41.697235+01,2015-05-02 21:44:41.697235+01,f,autovacuum: VACUUM ANALYZE public.customer,active,2015-05-02 21:44:41.697236+01
1430599526.82758,dbt2,40029,10,mark,"",,,2015-05-02 21:44:45.630407+01,2015-05-02 21:44:46.814137+01,2015-05-02 21:44:46.814137+01,f,autovacuum: VACUUM ANALYZE public.stock,active,2015-05-02 21:44:46.814138+01
1430599526.82758,dbt2,40068,10,mark,psql,,-1,2015-05-02 21:45:26.810389+01,2015-05-02 21:45:26.827583+01,2015-05-02 21:45:26.827583+01,f,"COPY (SELECT EXTRACT(EPOCH FROM TRANSACTION_TIMESTAMP()) AS ctime, datname, pid, usesysid, usename, application_name, client_addr, client_port, backend_start, xact_start, query_start, waiting, query , state, state_change FROM pg_stat_activity) TO STDOUT (FORMAT CSV);",active,2015-05-02 21:45:26.827589+01
1430599526.82758,dbt2,40067,10,mark,psql,,-1,2015-05-02 21:45:26.812263+01,2015-05-02 21:45:26.813749+01,2015-05-02 21:45:26.813749+01,f,"COPY (SELECT EXTRACT(EPOCH FROM TRANSACTION_TIMESTAMP()) AS ctime, a.schemaname, a.relname, a.indexrelname, idx_scan, idx_tup_read, idx_tup_fetch, idx_blks_read, idx_blks_hit FROM pg_stat_all_indexes a, pg_statio_all_indexes b WHERE a.indexrelid = b.indexrelid) TO STDOUT (FORMAT CSV);",active,2015-05-02 21:45:26.813755+01
1430599526.82758,dbt2,40069,10,mark,psql,,-1,2015-05-02 21:45:26.81238+01,,2015-05-02 21:45:26.816186+01,f,"COPY (SELECT EXTRACT(EPOCH FROM TRANSACTION_TIMESTAMP()) AS ctime, relname, pid, mode, granted FROM pg_locks, pg_class WHERE relfilenode = relation ORDER BY relname) TO STDOUT (FORMAT CSV);",idle,2015-05-02 21:45:26.827568+01
1430599526.82758,dbt2,40066,10,mark,psql,,-1,2015-05-02 21:45:26.815851+01,2015-05-02 21:45:26.821466+01,2015-05-02 21:45:26.821466+01,f,"COPY (SELECT EXTRACT(EPOCH FROM TRANSACTION_TIMESTAMP()) AS ctime, a.schemaname, a.relname, seq_scan, seq_tup_read, idx_scan, idx_tup_fetch, n_tup_ins, n_tup_upd, n_tup_del, n_tup_hot_upd, n_live_tup, n_dead_tup, heap_blks_read, heap_blks_hit, idx_blks_read, idx_blks_hit, toast_blks_read, toast_blks_hit, tidx_blks_read, tidx_blks_hit FROM pg_statio_all_tables a, pg_stat_all_tables b WHERE a.relid = b.relid) TO STDOUT (FORMAT CSV);",active,2015-05-02 21:45:26.821478+01
1430599586.84118,dbt2,39792,10,mark,dbt2-client,,-1,2015-05-02 21:43:25.535677+01,2015-05-02 21:46:26.832129+01,2015-05-02 21:46:26.833323+01,f,FETCH ALL IN mycursor,active,2015-05-02 21:46:26.833323+01
1430599586.84118,dbt2,39796,10,mark,dbt2-client,,-1,2015-05-02 21:43:25.635598+01,2015-05-02 21:46:26.832172+01,2015-05-02 21:46:26.837205+01,f,COMMIT,active,2015-05-02 21:46:26.837205+01
1430599586.84118,dbt2,39798,10,mark,dbt2-client,,-1,2015-05-02 21:43:25.735722+01,2015-05-02 21:46:26.833857+01,2015-05-02 21:46:26.833949+01,f,"SELECT delivery(2, 5)",active,2015-05-02 21:46:26.833949+01
1430599586.84118,dbt2,39800,10,mark,dbt2-client,,-1,2015-05-02 21:43:25.835783+01,2015-05-02 21:46:26.790633+01,2015-05-02 21:46:26.791113+01,t,"SELECT payment(2, 4, 1792, 1, 8, '', 601.020000)",active,2015-05-02 21:46:26.791114+01
1430599586.84118,dbt2,39802,10,mark,dbt2-client,,-1,2015-05-02 21:43:25.935887+01,2015-05-02 21:46:26.822027+01,2015-05-02 21:46:26.838756+01,f,COMMIT,active,2015-05-02 21:46:26.838756+01
1430599586.84118,dbt2,39804,10,mark,dbt2-client,,-1,2015-05-02 21:43:26.036017+01,2015-05-02 21:46:26.832154+01,2015-05-02 21:46:26.832371+01,t,"SELECT payment(2, 5, 0, 2, 5, 'BARBARESE', 2483.110000)",active,2015-05-02 21:46:26.832372+01
1430599586.84118,dbt2,39806,10,mark,dbt2-client,,-1,2015-05-02 21:43:26.136178+01,2015-05-02 21:46:26.810738+01,2015-05-02 21:46:26.810765+01,t,"SELECT payment(2, 5, 0, 2, 5, 'CALLYANTIPRI', 1518.550000)",active,2015-05-02 21:46:26.810766+01
1430599586.84118,dbt2,39808,10,mark,dbt2-client,,-1,2015-05-02 21:43:26.236372+01,2015-05-02 21:46:26.835245+01,2015-05-02 21:46:26.835272+01,t,"SELECT payment(1, 4, 0, 1, 4, 'CALLYESEESE', 4139.560000)",active,2015-05-02 21:46:26.835272+01
1430599586.84118,dbt2,39810,10,mark,dbt2-client,,-1,2015-05-02 21:43:26.33654+01,2015-05-02 21:46:26.78615+01,2015-05-02 21:46:26.786174+01,t,"SELECT payment(1, 5, 0, 1, 5, 'ESEBARCALLY', 2194.120000)",active,2015-05-02 21:46:26.786175+01
1430599586.84118,dbt2,39812,10,mark,dbt2-client,,-1,2015-05-02 21:43:26.436665+01,2015-05-02 21:46:26.784057+01,2015-05-02 21:46:26.839159+01,f,COMMIT,active,2015-05-02 21:46:26.83916+01
1430599586.84118,dbt2,39814,10,mark,dbt2-client,,-1,2015-05-02 21:43:26.549035+01,2015-05-02 21:46:26.800458+01,2015-05-02 21:46:26.800494+01,t,"SELECT payment(2, 7, 0, 2, 7, 'ABLEPRESESE', 1058.520000)",active,2015-05-02 21:46:26.800494+01
1430599586.84118,dbt2,39923,10,mark,dbt2-client,,-1,2015-05-02 21:43:26.752235+01,2015-05-02 21:46:26.821586+01,2015-05-02 21:46:26.821609+01,t,"SELECT payment(2, 9, 995, 2, 9, '', 716.440000)",active,2015-05-02 21:46:26.82161+01
1430599586.84118,dbt2,39882,10,mark,dbt2-client,,-1,2015-05-02 21:43:26.649205+01,2015-05-02 21:46:26.786054+01,2015-05-02 21:46:26.786079+01,t,"SELECT payment(1, 5, 0, 1, 5, 'ATIONANTIBAR', 981.680000)",active,2015-05-02 21:46:26.786079+01
1430599586.84118,dbt2,39945,10,mark,dbt2-client,,-1,2015-05-02 21:43:26.850678+01,2015-05-02 21:46:26.823159+01,2015-05-02 21:46:26.839129+01,f,COMMIT,active,2015-05-02 21:46:26.83913+01
1430599586.84118,dbt2,39949,10,mark,dbt2-client,,-1,2015-05-02 21:43:26.951352+01,2015-05-02 21:46:26.820999+01,2015-05-02 21:46:26.821252+01,t,"SELECT payment(2, 9, 0, 2, 9, 'ANTIEINGEING', 2798.240000)",active,2015-05-02 21:46:26.821253+01
1430599586.84118,dbt2,39954,10,mark,dbt2-client,,-1,2015-05-02 21:43:27.051437+01,2015-05-02 21:46:26.83392+01,2015-05-02 21:46:26.839193+01,f,COMMIT,active,2015-05-02 21:46:26.839194+01
1430599586.84118,dbt2,39958,10,mark,dbt2-client,,-1,2015-05-02 21:43:27.155587+01,2015-05-02 21:46:26.833936+01,2015-05-02 21:46:26.836936+01,t,"SELECT payment(1, 1, 0, 1, 7, 'EINGESEATION', 1832.480000)",active,2015-05-02 21:46:26.836937+01
1430599586.84118,dbt2,39962,10,mark,dbt2-client,,-1,2015-05-02 21:43:27.251686+01,2015-05-02 21:46:26.828839+01,2015-05-02 21:46:26.828863+01,t,"SELECT payment(1, 4, 0, 1, 4, 'OUGHTABLECALLY', 4110.130000)",active,2015-05-02 21:46:26.828864+01
1430599586.84118,dbt2,39966,10,mark,dbt2-client,,-1,2015-05-02 21:43:27.356326+01,2015-05-02 21:46:26.81697+01,2015-05-02 21:46:26.817044+01,t,"SELECT payment(2, 4, 0, 2, 4, 'BARANTIABLE', 305.090000)",active,2015-05-02 21:46:26.817045+01
1430599586.84118,dbt2,39970,10,mark,dbt2-client,,-1,2015-05-02 21:43:27.452524+01,2015-05-02 21:46:26.827866+01,2015-05-02 21:46:26.828388+01,t,"SELECT payment(2, 9, 1759, 2, 9, '', 4263.720000)",active,2015-05-02 21:46:26.828389+01
1430599586.84118,dbt2,40094,10,mark,psql,,-1,2015-05-02 21:46:26.807516+01,,2015-05-02 21:46:26.823726+01,f,"COPY (SELECT EXTRACT(EPOCH FROM TRANSACTION_TIMESTAMP()) AS ctime, a.schemaname, a.relname, seq_scan, seq_tup_read, idx_scan, idx_tup_fetch, n_tup_ins, n_tup_upd, n_tup_del, n_tup_hot_upd, n_live_tup, n_dead_tup, heap_blks_read, heap_blks_hit, idx_blks_read, idx_blks_hit, toast_blks_read, toast_blks_hit, tidx_blks_read, tidx_blks_hit FROM pg_statio_all_tables a, pg_stat_all_tables b WHERE a.relid = b.relid) TO STDOUT (FORMAT CSV);",idle,2015-05-02 21:46:26.831625+01
1430599586.84118,dbt2,40029,10,mark,"",,,2015-05-02 21:44:45.630407+01,2015-05-02 21:44:46.814137+01,2015-05-02 21:44:46.814137+01,f,autovacuum: VACUUM ANALYZE public.stock,active,2015-05-02 21:44:46.814138+01
1430599586.84118,dbt2,40076,10,mark,"",,,2015-05-02 21:45:45.660167+01,2015-05-02 21:45:47.596898+01,2015-05-02 21:45:47.596898+01,f,autovacuum: VACUUM ANALYZE public.order_line,active,2015-05-02 21:45:47.596899+01
1430599586.84118,dbt2,40093,10,mark,psql,,-1,2015-05-02 21:46:26.83729+01,2015-05-02 21:46:26.838769+01,2015-05-02 21:46:26.838769+01,f,"COPY (SELECT EXTRACT(EPOCH FROM TRANSACTION_TIMESTAMP()) AS ctime, a.schemaname, a.relname, a.indexrelname, idx_scan, idx_tup_read, idx_tup_fetch, idx_blks_read, idx_blks_hit FROM pg_stat_all_indexes a, pg_statio_all_indexes b WHERE a.indexrelid = b.indexrelid) TO STDOUT (FORMAT CSV);",active,2015-05-02 21:46:26.838776+01
1430599586.84118,dbt2,40096,10,mark,psql,,-1,2015-05-02 21:46:26.839761+01,2015-05-02 21:46:26.841176+01,2015-05-02 21:46:26.841176+01,f,"COPY (SELECT EXTRACT(EPOCH FROM TRANSACTION_TIMESTAMP()) AS ctime, datname, pid, usesysid, usename, application_name, client_addr, client_port, backend_start, xact_start, query_start, waiting, query , state, state_change FROM pg_stat_activity) TO STDOUT (FORMAT CSV);",active,2015-05-02 21:46:26.841181+01
1430599646.83935,dbt2,39792,10,mark,dbt2-client,,-1,2015-05-02 21:43:25.535677+01,2015-05-02 21:47:26.815905+01,2015-05-02 21:47:26.815934+01,t,"SELECT payment(2, 5, 0, 2, 5, 'ANTIPRIBAR', 1681.460000)",active,2015-05-02 21:47:26.815935+01
1430599646.83935,dbt2,39796,10,mark,dbt2-client,,-1,2015-05-02 21:43:25.635598+01,2015-05-02 21:47:26.799606+01,2015-05-02 21:47:26.799635+01,t,"SELECT payment(1, 9, 0, 1, 3, 'BARANTIPRI', 4653.700000)",active,2015-05-02 21:47:26.799636+01
1430599646.83935,dbt2,39798,10,mark,dbt2-client,,-1,2015-05-02 21:43:25.735722+01,2015-05-02 21:47:26.79935+01,2015-05-02 21:47:26.836772+01,f,COMMIT,active,2015-05-02 21:47:26.836773+01
1430599646.83935,dbt2,39800,10,mark,dbt2-client,,-1,2015-05-02 21:43:25.835783+01,2015-05-02 21:47:26.833263+01,2015-05-02 21:47:26.837683+01,f,COMMIT,active,2015-05-02 21:47:26.837683+01
1430599646.83935,dbt2,39802,10,mark,dbt2-client,,-1,2015-05-02 21:43:25.935887+01,2015-05-02 21:47:26.823805+01,2015-05-02 21:47:26.823833+01,t,"SELECT payment(1, 6, 0, 1, 6, 'PRIANTIANTI', 2645.500000)",active,2015-05-02 21:47:26.823834+01
1430599646.83935,dbt2,39804,10,mark,dbt2-client,,-1,2015-05-02 21:43:26.036017+01,2015-05-02 21:47:26.829696+01,2015-05-02 21:47:26.830521+01,t,"SELECT payment(2, 4, 0, 2, 4, 'PRIPRESPRI', 2122.100000)",active,2015-05-02 21:47:26.830522+01
1430599646.83935,dbt2,39806,10,mark,dbt2-client,,-1,2015-05-02 21:43:26.136178+01,2015-05-02 21:47:26.829711+01,2015-05-02 21:47:26.829752+01,t,"SELECT payment(1, 10, 637, 1, 10, '', 1478.240000)",active,2015-05-02 21:47:26.829753+01
1430599646.83935,dbt2,39808,10,mark,dbt2-client,,-1,2015-05-02 21:43:26.236372+01,,2015-05-02 21:47:26.824478+01,f,COMMIT,idle,2015-05-02 21:47:26.836326+01
1430599646.83935,dbt2,39810,10,mark,dbt2-client,,-1,2015-05-02 21:43:26.33654+01,2015-05-02 21:47:26.823526+01,2015-05-02 21:47:26.837355+01,f,COMMIT,active,2015-05-02 21:47:26.837355+01
1430599646.83935,dbt2,39812,10,mark,dbt2-client,,-1,2015-05-02 21:43:26.436665+01,2015-05-02 21:47:26.776687+01,2015-05-02 21:47:26.77671+01,t,"SELECT payment(1, 6, 0, 1, 9, 'BAROUGHTESE', 2627.420000)",active,2015-05-02 21:47:26.77671+01
1430599646.83935,dbt2,39814,10,mark,dbt2-client,,-1,2015-05-02 21:43:26.549035+01,2015-05-02 21:47:26.823502+01,2015-05-02 21:47:26.837572+01,f,COMMIT,active,2015-05-02 21:47:26.837573+01
1430599646.83935,dbt2,39923,10,mark,dbt2-client,,-1,2015-05-02 21:43:26.752235+01,2015-05-02 21:47:26.831686+01,2015-05-02 21:47:26.837605+01,f,COMMIT,active,2015-05-02 21:47:26.837605+01
1430599646.83935,dbt2,39882,10,mark,dbt2-client,,-1,2015-05-02 21:43:26.649205+01,2015-05-02 21:47:26.829677+01,2015-05-02 21:47:26.83753+01,f,COMMIT,active,2015-05-02 21:47:26.83753+01
1430599646.83935,dbt2,39945,10,mark,dbt2-client,,-1,2015-05-02 21:43:26.850678+01,2015-05-02 21:47:26.813539+01,2015-05-02 21:47:26.813598+01,t,"SELECT payment(2, 9, 822, 2, 9, '', 2808.970000)",active,2015-05-02 21:47:26.813599+01
1430599646.83935,dbt2,39949,10,mark,dbt2-client,,-1,2015-05-02 21:43:26.951352+01,2015-05-02 21:47:26.810502+01,2015-05-02 21:47:26.837615+01,f,COMMIT,active,2015-05-02 21:47:26.837616+01
1430599646.83935,dbt2,39954,10,mark,dbt2-client,,-1,2015-05-02 21:43:27.051437+01,2015-05-02 21:47:26.758927+01,2015-05-02 21:47:26.833231+01,f,COMMIT,active,2015-05-02 21:47:26.833235+01
1430599646.83935,dbt2,39958,10,mark,dbt2-client,,-1,2015-05-02 21:43:27.155587+01,2015-05-02 21:47:26.836613+01,2015-05-02 21:47:26.836793+01,t,FETCH ALL IN mycursor,active,2015-05-02 21:47:26.836793+01
1430599646.83935,dbt2,39962,10,mark,dbt2-client,,-1,2015-05-02 21:43:27.251686+01,2015-05-02 21:47:26.816757+01,2015-05-02 21:47:26.816817+01,t,"SELECT payment(1, 7, 0, 1, 5, 'CALLYPRESEING', 2858.290000)",active,2015-05-02 21:47:26.816818+01
1430599646.83935,dbt2,39966,10,mark,dbt2-client,,-1,2015-05-02 21:43:27.356326+01,2015-05-02 21:47:26.810526+01,2015-05-02 21:47:26.813197+01,t,"SELECT payment(2, 5, 0, 2, 5, 'ABLEPRESCALLY', 2185.510000)",active,2015-05-02 21:47:26.813198+01
1430599646.83935,dbt2,39970,10,mark,dbt2-client,,-1,2015-05-02 21:43:27.452524+01,2015-05-02 21:47:26.786148+01,2015-05-02 21:47:26.789528+01,t,"SELECT payment(1, 3, 1792, 1, 3, '', 3006.820000)",active,2015-05-02 21:47:26.789529+01
1430599646.83935,dbt2,40103,10,mark,"",,,2015-05-02 21:46:45.681301+01,2015-05-02 21:47:26.567288+01,2015-05-02 21:47:26.567288+01,f,autovacuum: ANALYZE public.history,active,2015-05-02 21:47:26.567288+01
1430599646.83935,dbt2,40029,10,mark,"",,,2015-05-02 21:44:45.630407+01,2015-05-02 21:44:46.814137+01,2015-05-02 21:44:46.814137+01,f,autovacuum: VACUUM ANALYZE public.stock,active,2015-05-02 21:44:46.814138+01
1430599646.83935,dbt2,40076,10,mark,"",,,2015-05-02 21:45:45.660167+01,2015-05-02 21:45:47.596898+01,2015-05-02 21:45:47.596898+01,f,autovacuum: VACUUM ANALYZE public.order_line,active,2015-05-02 21:45:47.596899+01
1430599646.83935,dbt2,40119,10,mark,psql,,-1,2015-05-02 21:47:26.831414+01,2015-05-02 21:47:26.836859+01,2015-05-02 21:47:26.836859+01,f,"COPY (SELECT EXTRACT(EPOCH FROM TRANSACTION_TIMESTAMP()) AS ctime, a.schemaname, a.relname, a.indexrelname, idx_scan, idx_tup_read, idx_tup_fetch, idx_blks_read, idx_blks_hit FROM pg_stat_all_indexes a, pg_statio_all_indexes b WHERE a.indexrelid = b.indexrelid) TO STDOUT (FORMAT CSV);",active,2015-05-02 21:47:26.836868+01
1430599646.83935,dbt2,40122,10,mark,psql,,-1,2015-05-02 21:47:26.83776+01,2015-05-02 21:47:26.839354+01,2015-05-02 21:47:26.839354+01,f,"COPY (SELECT EXTRACT(EPOCH FROM TRANSACTION_TIMESTAMP()) AS ctime, datname, pid, usesysid, usename, application_name, client_addr, client_port, backend_start, xact_start, query_start, waiting, query , state, state_change FROM pg_stat_activity) TO STDOUT (FORMAT CSV);",active,2015-05-02 21:47:26.83936+01
1430599646.83935,dbt2,40123,10,mark,psql,,-1,2015-05-02 21:47:26.839886+01,,,f,"",idle,2015-05-02 21:47:26.84132+01
1430599706.87132,dbt2,39792,10,mark,dbt2-client,,-1,2015-05-02 21:43:25.535677+01,2015-05-02 21:48:26.763453+01,2015-05-02 21:48:26.763657+01,t,"SELECT payment(1, 9, 0, 1, 9, 'PRIPRESEING', 1164.830000)",active,2015-05-02 21:48:26.763658+01
1430599706.87132,dbt2,39796,10,mark,dbt2-client,,-1,2015-05-02 21:43:25.635598+01,2015-05-02 21:48:26.870346+01,2015-05-02 21:48:26.870405+01,f,"SELECT delivery(2, 5)",active,2015-05-02 21:48:26.870405+01
1430599706.87132,dbt2,39798,10,mark,dbt2-client,,-1,2015-05-02 21:43:25.735722+01,2015-05-02 21:48:26.870391+01,2015-05-02 21:48:26.870391+01,f,BEGIN,idle in transaction,2015-05-02 21:48:26.8704+01
1430599706.87132,dbt2,39800,10,mark,dbt2-client,,-1,2015-05-02 21:43:25.835783+01,2015-05-02 21:48:26.803706+01,2015-05-02 21:48:26.808698+01,t,"SELECT payment(1, 10, 0, 1, 10, 'PRESEINGEING', 4594.140000)",active,2015-05-02 21:48:26.808699+01
1430599706.87132,dbt2,39802,10,mark,dbt2-client,,-1,2015-05-02 21:43:25.935887+01,2015-05-02 21:48:26.803761+01,2015-05-02 21:48:26.865076+01,f,COMMIT,active,2015-05-02 21:48:26.865076+01
1430599706.87132,dbt2,39804,10,mark,dbt2-client,,-1,2015-05-02 21:43:26.036017+01,2015-05-02 21:48:26.870245+01,2015-05-02 21:48:26.870245+01,f,BEGIN,idle in transaction,2015-05-02 21:48:26.870259+01
1430599706.87132,dbt2,39806,10,mark,dbt2-client,,-1,2015-05-02 21:43:26.136178+01,2015-05-02 21:48:26.676786+01,2015-05-02 21:48:26.67682+01,f,"SELECT payment(1, 8, 0, 1, 6, 'CALLYESEBAR', 3932.040000)",idle in transaction,2015-05-02 21:48:26.870061+01
1430599706.87132,dbt2,39808,10,mark,dbt2-client,,-1,2015-05-02 21:43:26.236372+01,2015-05-02 21:48:26.732465+01,2015-05-02 21:48:26.732535+01,t,"SELECT payment(1, 4, 0, 1, 4, 'PRESPRESCALLY', 188.720000)",active,2015-05-02 21:48:26.732536+01
1430599706.87132,dbt2,39810,10,mark,dbt2-client,,-1,2015-05-02 21:43:26.33654+01,2015-05-02 21:48:26.857819+01,2015-05-02 21:48:26.857985+01,t,"SELECT payment(2, 4, 0, 2, 4, 'ESEBARPRI', 777.220000)",active,2015-05-02 21:48:26.857985+01
1430599706.87132,dbt2,39812,10,mark,dbt2-client,,-1,2015-05-02 21:43:26.436665+01,2015-05-02 21:48:26.803731+01,2015-05-02 21:48:26.807131+01,t,"SELECT payment(2, 3, 1903, 2, 3, '', 2017.630000)",active,2015-05-02 21:48:26.807132+01
1430599706.87132,dbt2,39814,10,mark,dbt2-client,,-1,2015-05-02 21:43:26.549035+01,2015-05-02 21:48:26.715687+01,2015-05-02 21:48:26.715771+01,t,"SELECT payment(1, 8, 0, 1, 8, 'CALLYANTIANTI', 405.750000)",active,2015-05-02 21:48:26.715772+01
1430599706.87132,dbt2,39923,10,mark,dbt2-client,,-1,2015-05-02 21:43:26.752235+01,2015-05-02 21:48:26.864575+01,2015-05-02 21:48:26.864604+01,t,"SELECT payment(2, 5, 8, 1, 10, '', 2046.240000)",active,2015-05-02 21:48:26.864604+01
1430599706.87132,dbt2,39882,10,mark,dbt2-client,,-1,2015-05-02 21:43:26.649205+01,2015-05-02 21:48:26.803746+01,2015-05-02 21:48:26.805422+01,t,"SELECT payment(2, 2, 0, 2, 2, 'BARBARATION', 4255.490000)",active,2015-05-02 21:48:26.805423+01
1430599706.87132,dbt2,39945,10,mark,dbt2-client,,-1,2015-05-02 21:43:26.850678+01,2015-05-02 21:48:26.83672+01,2015-05-02 21:48:26.836774+01,t,"SELECT payment(2, 7, 0, 2, 7, 'CALLYESEBAR', 1586.920000)",active,2015-05-02 21:48:26.836774+01
1430599706.87132,dbt2,39949,10,mark,dbt2-client,,-1,2015-05-02 21:43:26.951352+01,2015-05-02 21:48:26.79711+01,2015-05-02 21:48:26.797139+01,t,"SELECT payment(2, 1, 0, 2, 1, 'ESEOUGHTBAR', 1572.520000)",active,2015-05-02 21:48:26.797139+01
1430599706.87132,dbt2,39954,10,mark,dbt2-client,,-1,2015-05-02 21:43:27.051437+01,2015-05-02 21:48:26.748645+01,2015-05-02 21:48:26.748674+01,t,"SELECT payment(1, 6, 368, 1, 6, '', 1149.630000)",active,2015-05-02 21:48:26.748674+01
1430599706.87132,dbt2,39958,10,mark,dbt2-client,,-1,2015-05-02 21:43:27.155587+01,2015-05-02 21:48:26.849772+01,2015-05-02 21:48:26.849805+01,t,"SELECT payment(2, 2, 256, 1, 3, '', 1022.790000)",active,2015-05-02 21:48:26.849805+01
1430599706.87132,dbt2,39962,10,mark,dbt2-client,,-1,2015-05-02 21:43:27.251686+01,2015-05-02 21:48:26.870304+01,2015-05-02 21:48:26.871672+01,f,"SELECT payment(1, 5, 0, 1, 5, 'ABLEESEPRES', 1753.450000)",active,2015-05-02 21:48:26.871673+01
1430599706.87132,dbt2,39966,10,mark,dbt2-client,,-1,2015-05-02 21:43:27.356326+01,2015-05-02 21:48:26.836695+01,2015-05-02 21:48:26.838545+01,t,"SELECT payment(1, 4, 955, 1, 4, '', 1952.750000)",active,2015-05-02 21:48:26.838546+01
1430599706.87132,dbt2,39970,10,mark,dbt2-client,,-1,2015-05-02 21:43:27.452524+01,2015-05-02 21:48:26.870332+01,2015-05-02 21:48:26.871545+01,f,"DECLARE mycursor CURSOR FOR SELECT new_order(2, 8, 895, 1, 15, make_new_order_info(32767, 2, 5), make_new_order_info(92972, 2, 9), make_new_order_info(89087, 2, 7), make_new_order_info(56830, 2, 5), make_new_order_info(14632, 2, 4), make_new_order_info(18888, 2, 4), make_new_order_info(48522, 2, 9), make_new_order_info(14833, 2, 3), make_new_order_info(32460, 2, 9), make_new_order_info(5887, 2, 9), make_new_order_info(97144, 2, 4), make_new_order_info(38616, 2, 2), make_new_order_info(32768, 2, 5), make_new_order_info(63991, 2, 7), make_new_order_info(15744, 2, 1) )",idle in transaction,2015-05-02 21:48:26.871663+01
1430599706.87132,dbt2,40134,10,mark,"",,,2015-05-02 21:48:02.334461+01,2015-05-02 21:48:05.079516+01,2015-05-02 21:48:05.079516+01,f,autovacuum: VACUUM ANALYZE public.customer,active,2015-05-02 21:48:05.079516+01
1430599706.87132,dbt2,40029,10,mark,"",,,2015-05-02 21:44:45.630407+01,2015-05-02 21:44:46.814137+01,2015-05-02 21:44:46.814137+01,f,autovacuum: VACUUM ANALYZE public.stock,active,2015-05-02 21:44:46.814138+01
1430599706.87132,dbt2,40076,10,mark,"",,,2015-05-02 21:45:45.660167+01,2015-05-02 21:45:47.596898+01,2015-05-02 21:45:47.596898+01,f,autovacuum: VACUUM ANALYZE public.order_line,active,2015-05-02 21:45:47.596899+01
1430599706.87132,dbt2,40148,10,mark,psql,,-1,2015-05-02 21:48:26.864269+01,2015-05-02 21:48:26.871323+01,2015-05-02 21:48:26.871323+01,f,"COPY (SELECT EXTRACT(EPOCH FROM TRANSACTION_TIMESTAMP()) AS ctime, datname, pid, usesysid, usename, application_name, client_addr, client_port, backend_start, xact_start, query_start, waiting, query , state, state_change FROM pg_stat_activity) TO STDOUT (FORMAT CSV);",active,2015-05-02 21:48:26.871329+01
1430599706.87132,dbt2,40146,10,mark,psql,,-1,2015-05-02 21:48:26.866079+01,,2015-05-02 21:48:26.867967+01,f,"COPY (SELECT EXTRACT(EPOCH FROM TRANSACTION_TIMESTAMP()) AS ctime, relname, pid, mode, granted FROM pg_locks, pg_class WHERE relfilenode = relation ORDER BY relname) TO STDOUT (FORMAT CSV);",idle,2015-05-02 21:48:26.871309+01
1430599706.87132,dbt2,40150,10,mark,psql,,-1,2015-05-02 21:48:26.86643+01,,,f,"",idle,2015-05-02 21:48:26.867817+01
1430599706.87132,dbt2,40147,10,mark,psql,,-1,2015-05-02 21:48:26.86807+01,,,f,"",idle,2015-05-02 21:48:26.869478+01
1430599766.87822,dbt2,39792,10,mark,dbt2-client,,-1,2015-05-02 21:43:25.535677+01,2015-05-02 21:49:26.857538+01,2015-05-02 21:49:26.857566+01,t,"SELECT payment(1, 7, 0, 1, 7, 'EINGEINGEING', 2554.560000)",active,2015-05-02 21:49:26.857566+01
1430599766.87822,dbt2,39796,10,mark,dbt2-client,,-1,2015-05-02 21:43:25.635598+01,,2015-05-02 21:49:26.874891+01,f,COMMIT,idle,2015-05-02 21:49:26.879499+01
1430599766.87822,dbt2,39798,10,mark,dbt2-client,,-1,2015-05-02 21:43:25.735722+01,2015-05-02 21:49:26.825454+01,2015-05-02 21:49:26.825478+01,t,"SELECT payment(2, 3, 0, 2, 3, 'PRESCALLYCALLY', 4962.700000)",active,2015-05-02 21:49:26.825478+01
1430599766.87822,dbt2,39800,10,mark,dbt2-client,,-1,2015-05-02 21:43:25.835783+01,2015-05-02 21:49:26.873152+01,2015-05-02 21:49:26.873317+01,t,"SELECT payment(1, 1, 0, 1, 9, 'CALLYBARPRI', 4197.440000)",active,2015-05-02 21:49:26.873318+01
1430599766.87822,dbt2,39802,10,mark,dbt2-client,,-1,2015-05-02 21:43:25.935887+01,,2015-05-02 21:49:26.878165+01,f,COMMIT,idle,2015-05-02 21:49:26.878175+01
1430599766.87822,dbt2,39804,10,mark,dbt2-client,,-1,2015-05-02 21:43:26.036017+01,2015-05-02 21:49:26.829161+01,2015-05-02 21:49:26.829311+01,t,"SELECT payment(1, 1, 760, 1, 1, '', 1929.290000)",active,2015-05-02 21:49:26.829311+01
1430599766.87822,dbt2,39806,10,mark,dbt2-client,,-1,2015-05-02 21:43:26.136178+01,2015-05-02 21:49:26.804039+01,2015-05-02 21:49:26.804214+01,t,"SELECT payment(2, 7, 68, 2, 7, '', 4164.960000)",active,2015-05-02 21:49:26.804215+01
1430599766.87822,dbt2,39808,10,mark,dbt2-client,,-1,2015-05-02 21:43:26.236372+01,2015-05-02 21:49:26.873137+01,2015-05-02 21:49:26.874144+01,f,FETCH ALL IN mycursor,idle in transaction,2015-05-02 21:49:26.879439+01
1430599766.87822,dbt2,39810,10,mark,dbt2-client,,-1,2015-05-02 21:43:26.33654+01,2015-05-02 21:49:26.841984+01,2015-05-02 21:49:26.842013+01,t,"SELECT payment(2, 5, 0, 1, 5, 'CALLYANTIANTI', 2144.890000)",active,2015-05-02 21:49:26.842013+01
1430599766.87822,dbt2,39812,10,mark,dbt2-client,,-1,2015-05-02 21:43:26.436665+01,2015-05-02 21:49:26.824853+01,2015-05-02 21:49:26.824878+01,t,"SELECT payment(1, 2, 0, 1, 2, 'ABLEPRIEING', 3159.620000)",active,2015-05-02 21:49:26.824878+01
1430599766.87822,dbt2,39814,10,mark,dbt2-client,,-1,2015-05-02 21:43:26.549035+01,,2015-05-02 21:49:26.872798+01,f,COMMIT,idle,2015-05-02 21:49:26.875533+01
1430599766.87822,dbt2,39923,10,mark,dbt2-client,,-1,2015-05-02 21:43:26.752235+01,2015-05-02 21:49:26.86062+01,2015-05-02 21:49:26.86065+01,t,"SELECT payment(2, 5, 966, 2, 5, '', 1793.770000)",active,2015-05-02 21:49:26.860651+01
1430599766.87822,dbt2,39882,10,mark,dbt2-client,,-1,2015-05-02 21:43:26.649205+01,,2015-05-02 21:49:26.875193+01,f,COMMIT,idle,2015-05-02 21:49:26.87952+01
1430599766.87822,dbt2,39945,10,mark,dbt2-client,,-1,2015-05-02 21:43:26.850678+01,2015-05-02 21:49:26.851956+01,2015-05-02 21:49:26.851981+01,t,"SELECT payment(2, 1, 0, 2, 1, 'OUGHTOUGHTESE', 3086.940000)",active,2015-05-02 21:49:26.851981+01
1430599766.87822,dbt2,39949,10,mark,dbt2-client,,-1,2015-05-02 21:43:26.951352+01,2015-05-02 21:49:26.85757+01,2015-05-02 21:49:26.857604+01,t,"SELECT payment(1, 5, 2300, 1, 5, '', 3812.580000)",active,2015-05-02 21:49:26.857604+01
1430599766.87822,dbt2,39954,10,mark,dbt2-client,,-1,2015-05-02 21:43:27.051437+01,2015-05-02 21:49:26.856922+01,2015-05-02 21:49:26.856947+01,t,"SELECT payment(2, 8, 0, 2, 8, 'CALLYANTICALLY', 4891.710000)",active,2015-05-02 21:49:26.856947+01
1430599766.87822,dbt2,39958,10,mark,dbt2-client,,-1,2015-05-02 21:43:27.155587+01,2015-05-02 21:49:26.819401+01,2015-05-02 21:49:26.820669+01,f,"SELECT payment(1, 10, 0, 1, 6, 'ABLEESEOUGHT', 4529.180000)",idle in transaction,2015-05-02 21:49:26.875962+01
1430599766.87822,dbt2,39962,10,mark,dbt2-client,,-1,2015-05-02 21:43:27.251686+01,2015-05-02 21:49:26.870709+01,2015-05-02 21:49:26.870905+01,t,"SELECT payment(2, 2, 0, 1, 5, 'BARANTIBAR', 908.680000)",active,2015-05-02 21:49:26.870905+01
1430599766.87822,dbt2,39966,10,mark,dbt2-client,,-1,2015-05-02 21:43:27.356326+01,2015-05-02 21:49:26.843936+01,2015-05-02 21:49:26.843961+01,t,"SELECT payment(1, 4, 1535, 1, 4, '', 4041.390000)",active,2015-05-02 21:49:26.843961+01
1430599766.87822,dbt2,39970,10,mark,dbt2-client,,-1,2015-05-02 21:43:27.452524+01,2015-05-02 21:49:26.835354+01,2015-05-02 21:49:26.879985+01,f,COMMIT,active,2015-05-02 21:49:26.879986+01
1430599766.87822,dbt2,40134,10,mark,"",,,2015-05-02 21:48:02.334461+01,2015-05-02 21:48:05.079516+01,2015-05-02 21:48:05.079516+01,f,autovacuum: VACUUM ANALYZE public.customer,active,2015-05-02 21:48:05.079516+01
1430599766.87822,dbt2,40160,10,mark,"",,,2015-05-02 21:49:02.33494+01,2015-05-02 21:49:09.72375+01,2015-05-02 21:49:09.72375+01,f,autovacuum: VACUUM ANALYZE public.stock,active,2015-05-02 21:49:09.72375+01
1430599766.87822,dbt2,40076,10,mark,"",,,2015-05-02 21:45:45.660167+01,2015-05-02 21:45:47.596898+01,2015-05-02 21:45:47.596898+01,f,autovacuum: VACUUM ANALYZE public.order_line,active,2015-05-02 21:45:47.596899+01
1430599766.87822,dbt2,40172,10,mark,psql,,-1,2015-05-02 21:49:26.872983+01,,2015-05-02 21:49:26.875207+01,f,"COPY (SELECT EXTRACT(EPOCH FROM TRANSACTION_TIMESTAMP()) AS ctime, relname, pid, mode, granted FROM pg_locks, pg_class WHERE relfilenode = relation ORDER BY relname) TO STDOUT (FORMAT CSV);",idle,2015-05-02 21:49:26.878246+01
1430599766.87822,dbt2,40171,10,mark,psql,,-1,2015-05-02 21:49:26.876179+01,2015-05-02 21:49:26.878221+01,2015-05-02 21:49:26.878221+01,f,"COPY (SELECT EXTRACT(EPOCH FROM TRANSACTION_TIMESTAMP()) AS ctime, datname, pid, usesysid, usename, application_name, client_addr, client_port, backend_start, xact_start, query_start, waiting, query , state, state_change FROM pg_stat_activity) TO STDOUT (FORMAT CSV);",active,2015-05-02 21:49:26.878227+01
1430599826.91852,dbt2,39792,10,mark,dbt2-client,,-1,2015-05-02 21:43:25.535677+01,2015-05-02 21:50:26.848853+01,2015-05-02 21:50:26.849148+01,t,"SELECT payment(2, 10, 1831, 2, 10, '', 4274.360000)",active,2015-05-02 21:50:26.849148+01
1430599826.91852,dbt2,39796,10,mark,dbt2-client,,-1,2015-05-02 21:43:25.635598+01,2015-05-02 21:50:26.793858+01,2015-05-02 21:50:26.793892+01,t,"SELECT payment(1, 9, 0, 1, 9, 'OUGHTABLECALLY', 3363.490000)",active,2015-05-02 21:50:26.793892+01
1430599826.91852,dbt2,39798,10,mark,dbt2-client,,-1,2015-05-02 21:43:25.735722+01,2015-05-02 21:50:26.919883+01,2015-05-02 21:50:26.919928+01,f,"SELECT stock_level(2, 3, 10)",active,2015-05-02 21:50:26.919928+01
1430599826.91852,dbt2,39800,10,mark,dbt2-client,,-1,2015-05-02 21:43:25.835783+01,2015-05-02 21:50:26.834359+01,2015-05-02 21:50:26.834388+01,t,"SELECT payment(2, 5, 2047, 2, 5, '', 3887.300000)",active,2015-05-02 21:50:26.834388+01
1430599826.91852,dbt2,39802,10,mark,dbt2-client,,-1,2015-05-02 21:43:25.935887+01,2015-05-02 21:50:26.891768+01,2015-05-02 21:50:26.891798+01,t,"SELECT payment(2, 3, 510, 2, 3, '', 4348.990000)",active,2015-05-02 21:50:26.891799+01
1430599826.91852,dbt2,39804,10,mark,dbt2-client,,-1,2015-05-02 21:43:26.036017+01,2015-05-02 21:50:26.814719+01,2015-05-02 21:50:26.918248+01,f,COMMIT,active,2015-05-02 21:50:26.918249+01
1430599826.91852,dbt2,39806,10,mark,dbt2-client,,-1,2015-05-02 21:43:26.136178+01,2015-05-02 21:50:26.90601+01,2015-05-02 21:50:26.907166+01,t,"SELECT payment(1, 10, 0, 1, 10, 'ABLEABLEPRI', 1868.900000)",active,2015-05-02 21:50:26.907166+01
1430599826.91852,dbt2,39808,10,mark,dbt2-client,,-1,2015-05-02 21:43:26.236372+01,2015-05-02 21:50:26.906102+01,2015-05-02 21:50:26.906133+01,t,"SELECT payment(1, 2, 2240, 1, 2, '', 4324.810000)",active,2015-05-02 21:50:26.906133+01
1430599826.91852,dbt2,39810,10,mark,dbt2-client,,-1,2015-05-02 21:43:26.33654+01,2015-05-02 21:50:26.889764+01,2015-05-02 21:50:26.890074+01,t,"SELECT payment(1, 1, 640, 1, 1, '', 4159.930000)",active,2015-05-02 21:50:26.890075+01
1430599826.91852,dbt2,39812,10,mark,dbt2-client,,-1,2015-05-02 21:43:26.436665+01,2015-05-02 21:50:26.889742+01,2015-05-02 21:50:26.890921+01,t,"SELECT payment(1, 2, 1020, 1, 2, '', 2568.760000)",active,2015-05-02 21:50:26.890922+01
1430599826.91852,dbt2,39814,10,mark,dbt2-client,,-1,2015-05-02 21:43:26.549035+01,2015-05-02 21:50:26.849746+01,2015-05-02 21:50:26.849913+01,t,"SELECT payment(1, 7, 0, 1, 6, 'PRIATIONPRI', 1884.660000)",active,2015-05-02 21:50:26.849913+01
1430599826.91852,dbt2,39923,10,mark,dbt2-client,,-1,2015-05-02 21:43:26.752235+01,2015-05-02 21:50:26.906082+01,2015-05-02 21:50:26.907027+01,t,"SELECT payment(2, 10, 0, 2, 10, 'EINGESEEING', 3344.960000)",active,2015-05-02 21:50:26.907028+01
1430599826.91852,dbt2,39882,10,mark,dbt2-client,,-1,2015-05-02 21:43:26.649205+01,2015-05-02 21:50:26.90777+01,2015-05-02 21:50:26.91851+01,f,COMMIT,active,2015-05-02 21:50:26.91851+01
1430599826.91852,dbt2,39945,10,mark,dbt2-client,,-1,2015-05-02 21:43:26.850678+01,2015-05-02 21:50:26.858758+01,2015-05-02 21:50:26.858789+01,t,"SELECT payment(1, 4, 0, 1, 4, 'PRESPRESCALLY', 3786.960000)",active,2015-05-02 21:50:26.858789+01
1430599826.91852,dbt2,39949,10,mark,dbt2-client,,-1,2015-05-02 21:43:26.951352+01,2015-05-02 21:50:26.914082+01,2015-05-02 21:50:26.916185+01,t,FETCH ALL IN mycursor,active,2015-05-02 21:50:26.916186+01
1430599826.91852,dbt2,39954,10,mark,dbt2-client,,-1,2015-05-02 21:43:27.051437+01,2015-05-02 21:50:26.915211+01,2015-05-02 21:50:26.915234+01,t,"SELECT payment(2, 9, 0, 2, 9, 'PRESANTIPRI', 2687.690000)",active,2015-05-02 21:50:26.915234+01
1430599826.91852,dbt2,39958,10,mark,dbt2-client,,-1,2015-05-02 21:43:27.155587+01,2015-05-02 21:50:26.875489+01,2015-05-02 21:50:26.87564+01,t,"SELECT payment(1, 10, 0, 1, 10, 'ABLEOUGHTESE', 218.020000)",active,2015-05-02 21:50:26.87564+01
1430599826.91852,dbt2,39962,10,mark,dbt2-client,,-1,2015-05-02 21:43:27.251686+01,2015-05-02 21:50:26.91986+01,2015-05-02 21:50:26.91986+01,f,BEGIN,idle in transaction,2015-05-02 21:50:26.919876+01
1430599826.91852,dbt2,39966,10,mark,dbt2-client,,-1,2015-05-02 21:43:27.356326+01,2015-05-02 21:50:26.903659+01,2015-05-02 21:50:26.903696+01,t,"SELECT payment(2, 8, 989, 2, 8, '', 4028.780000)",active,2015-05-02 21:50:26.903696+01
1430599826.91852,dbt2,39970,10,mark,dbt2-client,,-1,2015-05-02 21:43:27.452524+01,2015-05-02 21:50:26.855834+01,2015-05-02 21:50:26.855861+01,t,"SELECT payment(2, 10, 0, 2, 10, 'PRIOUGHTESE', 1292.130000)",active,2015-05-02 21:50:26.855862+01
1430599826.91852,dbt2,40134,10,mark,"",,,2015-05-02 21:48:02.334461+01,2015-05-02 21:48:05.079516+01,2015-05-02 21:48:05.079516+01,f,autovacuum: VACUUM ANALYZE public.customer,active,2015-05-02 21:48:05.079516+01
1430599826.91852,dbt2,40160,10,mark,"",,,2015-05-02 21:49:02.33494+01,2015-05-02 21:49:09.72375+01,2015-05-02 21:49:09.72375+01,f,autovacuum: VACUUM ANALYZE public.stock,active,2015-05-02 21:49:09.72375+01
1430599826.91852,dbt2,40076,10,mark,"",,,2015-05-02 21:45:45.660167+01,2015-05-02 21:45:47.596898+01,2015-05-02 21:45:47.596898+01,f,autovacuum: VACUUM ANALYZE public.order_line,active,2015-05-02 21:45:47.596899+01
1430599826.91852,dbt2,40194,10,mark,psql,,-1,2015-05-02 21:50:26.880793+01,2015-05-02 21:50:26.895078+01,2015-05-02 21:50:26.895078+01,f,"COPY (SELECT EXTRACT(EPOCH FROM TRANSACTION_TIMESTAMP()) AS ctime, a.schemaname, a.relname, a.indexrelname, idx_scan, idx_tup_read, idx_tup_fetch, idx_blks_read, idx_blks_hit FROM pg_stat_all_indexes a, pg_statio_all_indexes b WHERE a.indexrelid = b.indexrelid) TO STDOUT (FORMAT CSV);",active,2015-05-02 21:50:26.895086+01
1430599826.91852,dbt2,40196,10,mark,psql,,-1,2015-05-02 21:50:26.882705+01,,2015-05-02 21:50:26.894041+01,f,"COPY (SELECT EXTRACT(EPOCH FROM TRANSACTION_TIMESTAMP()) AS ctime, a.schemaname, a.relname, seq_scan, seq_tup_read, idx_scan, idx_tup_fetch, n_tup_ins, n_tup_upd, n_tup_del, n_tup_hot_upd, n_live_tup, n_dead_tup, heap_blks_read, heap_blks_hit, idx_blks_read, idx_blks_hit, toast_blks_read, toast_blks_hit, tidx_blks_read, tidx_blks_hit FROM pg_statio_all_tables a, pg_stat_all_tables b WHERE a.relid = b.relid) TO STDOUT (FORMAT CSV);",idle,2015-05-02 21:50:26.916595+01
1430599826.91852,dbt2,40195,10,mark,psql,,-1,2015-05-02 21:50:26.911494+01,,,f,"",idle,2015-05-02 21:50:26.913935+01
1430599826.91852,dbt2,40198,10,mark,psql,,-1,2015-05-02 21:50:26.911689+01,,,f,"",idle,2015-05-02 21:50:26.913199+01
1430599826.91852,dbt2,40197,10,mark,psql,,-1,2015-05-02 21:50:26.916675+01,2015-05-02 21:50:26.918524+01,2015-05-02 21:50:26.918524+01,f,"COPY (SELECT EXTRACT(EPOCH FROM TRANSACTION_TIMESTAMP()) AS ctime, datname, pid, usesysid, usename, application_name, client_addr, client_port, backend_start, xact_start, query_start, waiting, query , state, state_change FROM pg_stat_activity) TO STDOUT (FORMAT CSV);",active,2015-05-02 21:50:26.918532+01
1430599886.91917,dbt2,39792,10,mark,dbt2-client,,-1,2015-05-02 21:43:25.535677+01,2015-05-02 21:51:26.916698+01,2015-05-02 21:51:26.918978+01,f,COMMIT,active,2015-05-02 21:51:26.918978+01
1430599886.91917,dbt2,39796,10,mark,dbt2-client,,-1,2015-05-02 21:43:25.635598+01,2015-05-02 21:51:26.908306+01,2015-05-02 21:51:26.908336+01,t,"SELECT payment(2, 2, 0, 2, 2, 'BAROUGHTBAR', 2681.870000)",active,2015-05-02 21:51:26.908336+01
1430599886.91917,dbt2,39798,10,mark,dbt2-client,,-1,2015-05-02 21:43:25.735722+01,2015-05-02 21:51:26.908284+01,2015-05-02 21:51:26.908485+01,t,"SELECT payment(2, 1, 0, 2, 1, 'PRESBARATION', 619.440000)",active,2015-05-02 21:51:26.908486+01
1430599886.91917,dbt2,39800,10,mark,dbt2-client,,-1,2015-05-02 21:43:25.835783+01,2015-05-02 21:51:26.918579+01,2015-05-02 21:51:26.918606+01,t,"SELECT payment(2, 5, 0, 2, 5, 'CALLYBAREING', 2292.540000)",active,2015-05-02 21:51:26.918607+01
1430599886.91917,dbt2,39802,10,mark,dbt2-client,,-1,2015-05-02 21:43:25.935887+01,2015-05-02 21:51:26.869806+01,2015-05-02 21:51:26.87+01,t,"SELECT payment(1, 7, 0, 1, 7, 'PRESCALLYCALLY', 4980.980000)",active,2015-05-02 21:51:26.870001+01
1430599886.91917,dbt2,39804,10,mark,dbt2-client,,-1,2015-05-02 21:43:26.036017+01,2015-05-02 21:51:26.883121+01,2015-05-02 21:51:26.883146+01,t,"SELECT payment(2, 10, 72, 2, 10, '', 2101.710000)",active,2015-05-02 21:51:26.883146+01
1430599886.91917,dbt2,39806,10,mark,dbt2-client,,-1,2015-05-02 21:43:26.136178+01,2015-05-02 21:51:26.910882+01,2015-05-02 21:51:26.911415+01,f,FETCH ALL IN mycursor,idle in transaction,2015-05-02 21:51:26.916604+01
1430599886.91917,dbt2,39808,10,mark,dbt2-client,,-1,2015-05-02 21:43:26.236372+01,2015-05-02 21:51:26.919008+01,2015-05-02 21:51:26.91903+01,t,"SELECT payment(2, 8, 0, 2, 8, 'ATIONCALLYESE', 2334.660000)",active,2015-05-02 21:51:26.919031+01
1430599886.91917,dbt2,39810,10,mark,dbt2-client,,-1,2015-05-02 21:43:26.33654+01,2015-05-02 21:51:26.920742+01,2015-05-02 21:51:26.920769+01,f,"DECLARE mycursor CURSOR FOR SELECT new_order(2, 1, 756, 1, 13, make_new_order_info(90091, 2, 10), make_new_order_info(90860, 2, 4), make_new_order_info(16000, 2, 9), make_new_order_info(15568, 2, 8), make_new_order_info(31706, 2, 3), make_new_order_info(23965, 2, 5), make_new_order_info(32218, 2, 6), make_new_order_info(22989, 2, 9), make_new_order_info(4096, 2, 1), make_new_order_info(16336, 2, 3), make_new_order_info(24312, 2, 6), make_new_order_info(60864, 2, 7), make_new_order_info(89854, 2, 9), make_new_order_info(0, 0, 0), make_new_order_info(0, 0, 0) )",idle in transaction,2015-05-02 21:51:26.920871+01
1430599886.91917,dbt2,39812,10,mark,dbt2-client,,-1,2015-05-02 21:43:26.436665+01,2015-05-02 21:51:26.88399+01,2015-05-02 21:51:26.884029+01,t,"SELECT payment(1, 5, 2036, 1, 10, '', 4781.730000)",active,2015-05-02 21:51:26.884029+01
1430599886.91917,dbt2,39814,10,mark,dbt2-client,,-1,2015-05-02 21:43:26.549035+01,2015-05-02 21:51:26.881514+01,2015-05-02 21:51:26.881542+01,t,"SELECT payment(2, 3, 70, 1, 8, '', 1333.330000)",active,2015-05-02 21:51:26.881543+01
1430599886.91917,dbt2,39923,10,mark,dbt2-client,,-1,2015-05-02 21:43:26.752235+01,2015-05-02 21:51:26.895221+01,2015-05-02 21:51:26.895292+01,t,"SELECT payment(1, 10, 988, 1, 10, '', 1007.040000)",active,2015-05-02 21:51:26.895293+01
1430599886.91917,dbt2,39882,10,mark,dbt2-client,,-1,2015-05-02 21:43:26.649205+01,2015-05-02 21:51:26.883984+01,2015-05-02 21:51:26.918755+01,f,COMMIT,active,2015-05-02 21:51:26.918756+01
1430599886.91917,dbt2,39945,10,mark,dbt2-client,,-1,2015-05-02 21:43:26.850678+01,2015-05-02 21:51:26.895458+01,2015-05-02 21:51:26.896034+01,t,"SELECT payment(1, 1, 72, 1, 6, '', 3995.960000)",active,2015-05-02 21:51:26.896035+01
1430599886.91917,dbt2,39949,10,mark,dbt2-client,,-1,2015-05-02 21:43:26.951352+01,2015-05-02 21:51:26.911247+01,2015-05-02 21:51:26.911271+01,t,"SELECT payment(1, 6, 0, 1, 6, 'OUGHTABLECALLY', 4169.850000)",active,2015-05-02 21:51:26.911271+01
1430599886.91917,dbt2,39954,10,mark,dbt2-client,,-1,2015-05-02 21:43:27.051437+01,2015-05-02 21:51:26.910205+01,2015-05-02 21:51:26.910441+01,t,"SELECT payment(1, 1, 0, 1, 1, 'ATIONEINGABLE', 4911.500000)",active,2015-05-02 21:51:26.910442+01
1430599886.91917,dbt2,39958,10,mark,dbt2-client,,-1,2015-05-02 21:43:27.155587+01,2015-05-02 21:51:26.920567+01,2015-05-02 21:51:26.920878+01,f,FETCH ALL IN mycursor,active,2015-05-02 21:51:26.920879+01
1430599886.91917,dbt2,39962,10,mark,dbt2-client,,-1,2015-05-02 21:43:27.251686+01,2015-05-02 21:51:26.910903+01,2015-05-02 21:51:26.910968+01,t,"SELECT payment(1, 10, 0, 1, 10, 'CALLYANTIESE', 2994.160000)",active,2015-05-02 21:51:26.910968+01
1430599886.91917,dbt2,39966,10,mark,dbt2-client,,-1,2015-05-02 21:43:27.356326+01,2015-05-02 21:51:26.910121+01,2015-05-02 21:51:26.910899+01,t,"SELECT payment(2, 6, 2495, 2, 6, '', 2228.040000)",active,2015-05-02 21:51:26.9109+01
1430599886.91917,dbt2,39970,10,mark,dbt2-client,,-1,2015-05-02 21:43:27.452524+01,2015-05-02 21:51:26.887154+01,2015-05-02 21:51:26.918929+01,f,COMMIT,active,2015-05-02 21:51:26.91893+01
1430599886.91917,dbt2,40210,10,mark,"",,,2015-05-02 21:51:03.078192+01,2015-05-02 21:51:09.207032+01,2015-05-02 21:51:09.207032+01,f,autovacuum: VACUUM ANALYZE public.customer,active,2015-05-02 21:51:09.207032+01
1430599886.91917,dbt2,40160,10,mark,"",,,2015-05-02 21:49:02.33494+01,2015-05-02 21:49:09.72375+01,2015-05-02 21:49:09.72375+01,f,autovacuum: VACUUM ANALYZE public.stock,active,2015-05-02 21:49:09.72375+01
1430599886.91917,dbt2,40076,10,mark,"",,,2015-05-02 21:45:45.660167+01,2015-05-02 21:45:47.596898+01,2015-05-02 21:45:47.596898+01,f,autovacuum: VACUUM ANALYZE public.order_line,active,2015-05-02 21:45:47.596899+01
1430599886.91917,dbt2,40222,10,mark,psql,,-1,2015-05-02 21:51:26.911982+01,2015-05-02 21:51:26.919168+01,2015-05-02 21:51:26.919168+01,f,"COPY (SELECT EXTRACT(EPOCH FROM TRANSACTION_TIMESTAMP()) AS ctime, datname, pid, usesysid, usename, application_name, client_addr, client_port, backend_start, xact_start, query_start, waiting, query , state, state_change FROM pg_stat_activity) TO STDOUT (FORMAT CSV);",active,2015-05-02 21:51:26.919175+01
1430599886.91917,dbt2,40224,10,mark,psql,,-1,2015-05-02 21:51:26.914902+01,2015-05-02 21:51:26.916387+01,2015-05-02 21:51:26.916387+01,f,"COPY (SELECT EXTRACT(EPOCH FROM TRANSACTION_TIMESTAMP()) AS ctime, a.schemaname, a.relname, seq_scan, seq_tup_read, idx_scan, idx_tup_fetch, n_tup_ins, n_tup_upd, n_tup_del, n_tup_hot_upd, n_live_tup, n_dead_tup, heap_blks_read, heap_blks_hit, idx_blks_read, idx_blks_hit, toast_blks_read, toast_blks_hit, tidx_blks_read, tidx_blks_hit FROM pg_statio_all_tables a, pg_stat_all_tables b WHERE a.relid = b.relid) TO STDOUT (FORMAT CSV);",active,2015-05-02 21:51:26.916394+01
1430599946.9468,dbt2,39792,10,mark,dbt2-client,,-1,2015-05-02 21:43:25.535677+01,2015-05-02 21:52:26.898278+01,2015-05-02 21:52:26.89831+01,t,"SELECT payment(1, 4, 0, 1, 4, 'PRIOUGHTESE', 4101.980000)",active,2015-05-02 21:52:26.89831+01
1430599946.9468,dbt2,39796,10,mark,dbt2-client,,-1,2015-05-02 21:43:25.635598+01,2015-05-02 21:52:26.8751+01,2015-05-02 21:52:26.875129+01,t,"SELECT payment(2, 9, 0, 2, 9, 'PRESCALLYEING', 4657.040000)",active,2015-05-02 21:52:26.875129+01
1430599946.9468,dbt2,39798,10,mark,dbt2-client,,-1,2015-05-02 21:43:25.735722+01,2015-05-02 21:52:26.911516+01,2015-05-02 21:52:26.914522+01,f,FETCH ALL IN mycursor,active,2015-05-02 21:52:26.914523+01
1430599946.9468,dbt2,39800,10,mark,dbt2-client,,-1,2015-05-02 21:43:25.835783+01,2015-05-02 21:52:26.929013+01,2015-05-02 21:52:26.930904+01,f,FETCH ALL IN mycursor,idle in transaction,2015-05-02 21:52:26.933006+01
1430599946.9468,dbt2,39802,10,mark,dbt2-client,,-1,2015-05-02 21:43:25.935887+01,2015-05-02 21:52:26.935465+01,2015-05-02 21:52:26.935496+01,t,"SELECT payment(1, 4, 1645, 1, 8, '', 1862.690000)",active,2015-05-02 21:52:26.935496+01
1430599946.9468,dbt2,39804,10,mark,dbt2-client,,-1,2015-05-02 21:43:26.036017+01,2015-05-02 21:52:26.9462+01,2015-05-02 21:52:26.946229+01,f,"SELECT payment(2, 7, 0, 2, 7, 'ANTIPRIEING', 1158.110000)",active,2015-05-02 21:52:26.94623+01
1430599946.9468,dbt2,39806,10,mark,dbt2-client,,-1,2015-05-02 21:43:26.136178+01,2015-05-02 21:52:26.911496+01,2015-05-02 21:52:26.911672+01,f,"SELECT delivery(1, 7)",idle in transaction,2015-05-02 21:52:26.943988+01
1430599946.9468,dbt2,39808,10,mark,dbt2-client,,-1,2015-05-02 21:43:26.236372+01,2015-05-02 21:52:26.905355+01,2015-05-02 21:52:26.90538+01,t,"SELECT payment(1, 7, 0, 1, 7, 'ESEOUGHTBAR', 4214.300000)",active,2015-05-02 21:52:26.90538+01
1430599946.9468,dbt2,39810,10,mark,dbt2-client,,-1,2015-05-02 21:43:26.33654+01,2015-05-02 21:52:26.926827+01,2015-05-02 21:52:26.926877+01,f,"SELECT delivery(2, 5)",active,2015-05-02 21:52:26.926878+01
1430599946.9468,dbt2,39812,10,mark,dbt2-client,,-1,2015-05-02 21:43:26.436665+01,2015-05-02 21:52:26.947293+01,2015-05-02 21:52:26.947436+01,f,"SELECT payment(2, 4, 0, 2, 4, 'CALLYOUGHTCALLY', 4996.780000)",active,2015-05-02 21:52:26.947436+01
1430599946.9468,dbt2,39814,10,mark,dbt2-client,,-1,2015-05-02 21:43:26.549035+01,2015-05-02 21:52:26.894427+01,2015-05-02 21:52:26.89446+01,f,"SELECT payment(2, 6, 0, 2, 6, 'CALLYESEATION', 38.030000)",idle in transaction,2015-05-02 21:52:26.946071+01
1430599946.9468,dbt2,39923,10,mark,dbt2-client,,-1,2015-05-02 21:43:26.752235+01,2015-05-02 21:52:26.845581+01,2015-05-02 21:52:26.845607+01,f,"SELECT payment(1, 1, 0, 1, 1, 'EINGESEEING', 4843.940000)",idle in transaction,2015-05-02 21:52:26.94529+01
1430599946.9468,dbt2,39882,10,mark,dbt2-client,,-1,2015-05-02 21:43:26.649205+01,2015-05-02 21:52:26.90857+01,2015-05-02 21:52:26.9086+01,t,"SELECT payment(2, 7, 2300, 2, 7, '', 4174.330000)",active,2015-05-02 21:52:26.9086+01
1430599946.9468,dbt2,39945,10,mark,dbt2-client,,-1,2015-05-02 21:43:26.850678+01,2015-05-02 21:52:26.882449+01,2015-05-02 21:52:26.883626+01,t,"SELECT payment(1, 8, 0, 1, 8, 'ATIONCALLYEING', 454.850000)",active,2015-05-02 21:52:26.883627+01
1430599946.9468,dbt2,39949,10,mark,dbt2-client,,-1,2015-05-02 21:43:26.951352+01,,2015-05-02 21:52:26.937424+01,f,COMMIT,idle,2015-05-02 21:52:26.944031+01
1430599946.9468,dbt2,39954,10,mark,dbt2-client,,-1,2015-05-02 21:43:27.051437+01,2015-05-02 21:52:26.891622+01,2015-05-02 21:52:26.891649+01,t,"SELECT payment(2, 7, 2134, 1, 7, '', 1409.700000)",active,2015-05-02 21:52:26.89165+01
1430599946.9468,dbt2,39958,10,mark,dbt2-client,,-1,2015-05-02 21:43:27.155587+01,2015-05-02 21:52:26.929201+01,2015-05-02 21:52:26.933018+01,f,FETCH ALL IN mycursor,idle in transaction,2015-05-02 21:52:26.935621+01
1430599946.9468,dbt2,39962,10,mark,dbt2-client,,-1,2015-05-02 21:43:27.251686+01,2015-05-02 21:52:26.900737+01,2015-05-02 21:52:26.900763+01,t,"SELECT payment(2, 9, 0, 2, 9, 'ABLEABLEPRI', 142.260000)",active,2015-05-02 21:52:26.900764+01
1430599946.9468,dbt2,39966,10,mark,dbt2-client,,-1,2015-05-02 21:43:27.356326+01,2015-05-02 21:52:26.807946+01,2015-05-02 21:52:26.807975+01,t,"SELECT payment(1, 8, 2860, 1, 8, '', 4466.480000)",active,2015-05-02 21:52:26.807975+01
1430599946.9468,dbt2,39970,10,mark,dbt2-client,,-1,2015-05-02 21:43:27.452524+01,2015-05-02 21:52:26.90736+01,2015-05-02 21:52:26.90739+01,t,"SELECT payment(2, 8, 1023, 2, 8, '', 4361.300000)",active,2015-05-02 21:52:26.90739+01
1430599946.9468,dbt2,40210,10,mark,"",,,2015-05-02 21:51:03.078192+01,2015-05-02 21:51:09.207032+01,2015-05-02 21:51:09.207032+01,f,autovacuum: VACUUM ANALYZE public.customer,active,2015-05-02 21:51:09.207032+01
1430599946.9468,dbt2,40160,10,mark,"",,,2015-05-02 21:49:02.33494+01,2015-05-02 21:49:09.72375+01,2015-05-02 21:49:09.72375+01,f,autovacuum: VACUUM ANALYZE public.stock,active,2015-05-02 21:49:09.72375+01
1430599946.9468,dbt2,40076,10,mark,"",,,2015-05-02 21:45:45.660167+01,2015-05-02 21:45:47.596898+01,2015-05-02 21:45:47.596898+01,f,autovacuum: VACUUM ANALYZE public.order_line,active,2015-05-02 21:45:47.596899+01
1430599946.9468,dbt2,40248,10,mark,psql,,-1,2015-05-02 21:52:26.925197+01,2015-05-02 21:52:26.937459+01,2015-05-02 21:52:26.937459+01,f,"COPY (SELECT EXTRACT(EPOCH FROM TRANSACTION_TIMESTAMP()) AS ctime, a.schemaname, a.relname, seq_scan, seq_tup_read, idx_scan, idx_tup_fetch, n_tup_ins, n_tup_upd, n_tup_del, n_tup_hot_upd, n_live_tup, n_dead_tup, heap_blks_read, heap_blks_hit, idx_blks_read, idx_blks_hit, toast_blks_read, toast_blks_hit, tidx_blks_read, tidx_blks_hit FROM pg_statio_all_tables a, pg_stat_all_tables b WHERE a.relid = b.relid) TO STDOUT (FORMAT CSV);",active,2015-05-02 21:52:26.937466+01
1430599946.9468,dbt2,40249,10,mark,psql,,-1,2015-05-02 21:52:26.929416+01,,2015-05-02 21:52:26.94367+01,f,"COPY (SELECT EXTRACT(EPOCH FROM TRANSACTION_TIMESTAMP()) AS ctime, datname, numbackends, xact_commit, xact_rollback, blks_read, blks_hit, tup_returned, tup_fetched, tup_inserted, tup_updated, tup_deleted FROM pg_stat_database) TO STDOUT (FORMAT CSV);",idle,2015-05-02 21:52:26.945459+01
1430599946.9468,dbt2,40250,10,mark,psql,,-1,2015-05-02 21:52:26.935728+01,2015-05-02 21:52:26.946797+01,2015-05-02 21:52:26.946797+01,f,"COPY (SELECT EXTRACT(EPOCH FROM TRANSACTION_TIMESTAMP()) AS ctime, datname, pid, usesysid, usename, application_name, client_addr, client_port, backend_start, xact_start, query_start, waiting, query , state, state_change FROM pg_stat_activity) TO STDOUT (FORMAT CSV);",active,2015-05-02 21:52:26.946805+01
1430600006.98073,dbt2,39792,10,mark,dbt2-client,,-1,2015-05-02 21:43:25.535677+01,2015-05-02 21:53:26.972638+01,2015-05-02 21:53:26.972813+01,t,"SELECT payment(1, 7, 0, 1, 4, 'CALLYANTICALLY', 4555.170000)",active,2015-05-02 21:53:26.972814+01
1430600006.98073,dbt2,39796,10,mark,dbt2-client,,-1,2015-05-02 21:43:25.635598+01,2015-05-02 21:53:26.954851+01,2015-05-02 21:53:26.954944+01,t,"SELECT payment(2, 7, 2784, 1, 9, '', 1034.480000)",active,2015-05-02 21:53:26.954945+01
1430600006.98073,dbt2,39798,10,mark,dbt2-client,,-1,2015-05-02 21:43:25.735722+01,2015-05-02 21:53:26.971417+01,2015-05-02 21:53:26.980374+01,f,COMMIT,active,2015-05-02 21:53:26.980374+01
1430600006.98073,dbt2,39800,10,mark,dbt2-client,,-1,2015-05-02 21:43:25.835783+01,2015-05-02 21:53:26.880149+01,2015-05-02 21:53:26.880186+01,t,"SELECT payment(1, 1, 2784, 1, 1, '', 4315.650000)",active,2015-05-02 21:53:26.880187+01
1430600006.98073,dbt2,39802,10,mark,dbt2-client,,-1,2015-05-02 21:43:25.935887+01,2015-05-02 21:53:26.956279+01,2015-05-02 21:53:26.957118+01,t,"SELECT payment(1, 4, 894, 1, 4, '', 2110.450000)",active,2015-05-02 21:53:26.957119+01
1430600006.98073,dbt2,39804,10,mark,dbt2-client,,-1,2015-05-02 21:43:26.036017+01,2015-05-02 21:53:26.878037+01,2015-05-02 21:53:26.880322+01,t,"SELECT payment(1, 2, 0, 1, 2, 'CALLYANTIPRI', 2837.720000)",active,2015-05-02 21:53:26.880323+01
1430600006.98073,dbt2,39806,10,mark,dbt2-client,,-1,2015-05-02 21:43:26.136178+01,2015-05-02 21:53:26.847282+01,2015-05-02 21:53:26.852718+01,t,"SELECT payment(2, 3, 0, 1, 2, 'PRESEINGPRES', 836.060000)",active,2015-05-02 21:53:26.852719+01
1430600006.98073,dbt2,39808,10,mark,dbt2-client,,-1,2015-05-02 21:43:26.236372+01,,2015-05-02 21:53:26.980227+01,f,COMMIT,idle,2015-05-02 21:53:26.980766+01
1430600006.98073,dbt2,39810,10,mark,dbt2-client,,-1,2015-05-02 21:43:26.33654+01,2015-05-02 21:53:26.951148+01,2015-05-02 21:53:26.980329+01,f,COMMIT,active,2015-05-02 21:53:26.98033+01
1430600006.98073,dbt2,39812,10,mark,dbt2-client,,-1,2015-05-02 21:43:26.436665+01,2015-05-02 21:53:26.906975+01,2015-05-02 21:53:26.906998+01,t,"SELECT payment(1, 8, 8, 1, 10, '', 3373.660000)",active,2015-05-02 21:53:26.906998+01
1430600006.98073,dbt2,39814,10,mark,dbt2-client,,-1,2015-05-02 21:43:26.549035+01,2015-05-02 21:53:26.901542+01,2015-05-02 21:53:26.901568+01,t,"SELECT payment(2, 9, 894, 2, 9, '', 1683.630000)",active,2015-05-02 21:53:26.901568+01
1430600006.98073,dbt2,39923,10,mark,dbt2-client,,-1,2015-05-02 21:43:26.752235+01,2015-05-02 21:53:26.933032+01,2015-05-02 21:53:26.933061+01,t,"SELECT payment(2, 1, 824, 2, 1, '', 2281.730000)",active,2015-05-02 21:53:26.933061+01
1430600006.98073,dbt2,39882,10,mark,dbt2-client,,-1,2015-05-02 21:43:26.649205+01,2015-05-02 21:53:26.945813+01,2015-05-02 21:53:26.945831+01,t,"SELECT payment(2, 3, 2912, 2, 3, '', 4898.230000)",active,2015-05-02 21:53:26.945832+01
1430600006.98073,dbt2,39945,10,mark,dbt2-client,,-1,2015-05-02 21:43:26.850678+01,2015-05-02 21:53:26.980585+01,2015-05-02 21:53:26.980841+01,f,FETCH ALL IN mycursor,active,2015-05-02 21:53:26.980842+01
1430600006.98073,dbt2,39949,10,mark,dbt2-client,,-1,2015-05-02 21:43:26.951352+01,2015-05-02 21:53:26.909021+01,2015-05-02 21:53:26.980407+01,f,COMMIT,active,2015-05-02 21:53:26.980408+01
1430600006.98073,dbt2,39954,10,mark,dbt2-client,,-1,2015-05-02 21:43:27.051437+01,2015-05-02 21:53:26.973564+01,2015-05-02 21:53:26.973747+01,t,"SELECT payment(1, 7, 0, 1, 7, 'CALLYOUGHTOUGHT', 4601.620000)",active,2015-05-02 21:53:26.973748+01
1430600006.98073,dbt2,39958,10,mark,dbt2-client,,-1,2015-05-02 21:43:27.155587+01,2015-05-02 21:53:26.934969+01,2015-05-02 21:53:26.934998+01,t,"SELECT payment(2, 2, 864, 1, 4, '', 2381.570000)",active,2015-05-02 21:53:26.934998+01
1430600006.98073,dbt2,39962,10,mark,dbt2-client,,-1,2015-05-02 21:43:27.251686+01,2015-05-02 21:53:26.966297+01,2015-05-02 21:53:26.966325+01,t,"SELECT payment(1, 7, 567, 1, 7, '', 3171.390000)",active,2015-05-02 21:53:26.966325+01
1430600006.98073,dbt2,39966,10,mark,dbt2-client,,-1,2015-05-02 21:43:27.356326+01,2015-05-02 21:53:26.856713+01,2015-05-02 21:53:26.856742+01,t,"SELECT payment(1, 5, 0, 1, 5, 'CALLYPRESEING', 1985.940000)",active,2015-05-02 21:53:26.856742+01
1430600006.98073,dbt2,39970,10,mark,dbt2-client,,-1,2015-05-02 21:43:27.452524+01,2015-05-02 21:53:26.969488+01,2015-05-02 21:53:26.969512+01,t,"SELECT payment(2, 9, 0, 2, 9, 'ESEANTIESE', 3423.900000)",active,2015-05-02 21:53:26.969512+01
1430600006.98073,dbt2,40210,10,mark,"",,,2015-05-02 21:51:03.078192+01,2015-05-02 21:51:09.207032+01,2015-05-02 21:51:09.207032+01,f,autovacuum: VACUUM ANALYZE public.customer,active,2015-05-02 21:51:09.207032+01
1430600006.98073,dbt2,40160,10,mark,"",,,2015-05-02 21:49:02.33494+01,2015-05-02 21:49:09.72375+01,2015-05-02 21:49:09.72375+01,f,autovacuum: VACUUM ANALYZE public.stock,active,2015-05-02 21:49:09.72375+01
1430600006.98073,dbt2,40076,10,mark,"",,,2015-05-02 21:45:45.660167+01,2015-05-02 21:45:47.596898+01,2015-05-02 21:45:47.596898+01,f,autovacuum: VACUUM ANALYZE public.order_line,active,2015-05-02 21:45:47.596899+01
1430600006.98073,dbt2,40274,10,mark,psql,,-1,2015-05-02 21:53:26.979221+01,2015-05-02 21:53:26.980732+01,2015-05-02 21:53:26.980732+01,f,"COPY (SELECT EXTRACT(EPOCH FROM TRANSACTION_TIMESTAMP()) AS ctime, datname, pid, usesysid, usename, application_name, client_addr, client_port, backend_start, xact_start, query_start, waiting, query , state, state_change FROM pg_stat_activity) TO STDOUT (FORMAT CSV);",active,2015-05-02 21:53:26.980737+01
1430600066.94245,dbt2,40426,10,mark,psql,,-1,2015-05-02 21:54:26.933948+01,2015-05-02 21:54:26.935442+01,2015-05-02 21:54:26.935442+01,f,"COPY (SELECT EXTRACT(EPOCH FROM TRANSACTION_TIMESTAMP()) AS ctime, a.schemaname, a.relname, seq_scan, seq_tup_read, idx_scan, idx_tup_fetch, n_tup_ins, n_tup_upd, n_tup_del, n_tup_hot_upd, n_live_tup, n_dead_tup, heap_blks_read, heap_blks_hit, idx_blks_read, idx_blks_hit, toast_blks_read, toast_blks_hit, tidx_blks_read, tidx_blks_hit FROM pg_statio_all_tables a, pg_stat_all_tables b WHERE a.relid = b.relid) TO STDOUT (FORMAT CSV);",active,2015-05-02 21:54:26.935448+01
1430600066.94245,dbt2,40427,10,mark,psql,,-1,2015-05-02 21:54:26.940945+01,2015-05-02 21:54:26.942445+01,2015-05-02 21:54:26.942445+01,f,"COPY (SELECT EXTRACT(EPOCH FROM TRANSACTION_TIMESTAMP()) AS ctime, datname, pid, usesysid, usename, application_name, client_addr, client_port, backend_start, xact_start, query_start, waiting, query , state, state_change FROM pg_stat_activity) TO STDOUT (FORMAT CSV);",active,2015-05-02 21:54:26.942451+01
1430600066.94245,dbt2,40387,10,mark,"",,,2015-05-02 21:54:24.448783+01,2015-05-02 21:54:26.287495+01,2015-05-02 21:54:26.287495+01,f,autovacuum: ANALYZE public.customer,active,2015-05-02 21:54:26.287496+01
1430600066.94245,dbt2,40417,10,mark,psql,,-1,2015-05-02 21:54:25.18562+01,2015-05-02 21:54:25.190814+01,2015-05-02 21:54:25.190814+01,f,"
ALTER TABLE order_line
ADD CONSTRAINT pk_order_line
PRIMARY KEY (ol_w_id, ol_d_id, ol_o_id, ol_number) ;
",active,2015-05-02 21:54:25.190824+01
