ctime,schemaname,relname,seq_scan,seq_tup_read,idx_scan,idx_tup_fetch,n_tup_ins,n_tup_upd,n_tup_del,n_tup_hot_upd,n_live_tup,n_dead_tup,heap_blks_read,heap_blks_hit,idx_blks_read,idx_blks_hit,toast_blks_read,toast_blks_hit,tidx_blks_read,tidx_blks_hit
1430599406.78467,pg_catalog,pg_operator,3,2295,246,1429,0,0,0,0,765,0,42,1001,20,554,,,,
1430599406.78467,pg_catalog,pg_extension,3,3,0,0,0,0,0,0,1,0,2,2,0,0,,,,
1430599406.78467,pg_catalog,pg_authid,401,401,9403,9403,0,0,0,0,1,0,57,9758,194,18612,,,,
1430599406.78467,public,customer,6,360000,17,77,60000,4,0,0,60000,4,27765,18722,23,84,,,,
1430599406.78467,pg_catalog,pg_statistic,2,798,1180,1001,92,399,0,180,92,297,60,1965,13,3016,32,292,4,252
1430599406.78467,pg_catalog,pg_opfamily,3,258,0,0,0,0,0,0,86,0,4,4,0,0,,,,
1430599406.78467,pg_catalog,pg_shdescription,26,75,11,0,0,0,0,0,3,0,23,14,23,0,0,0,0,0
1430599406.78467,pg_catalog,pg_event_trigger,3,0,27,0,0,0,0,0,0,0,0,0,2,25,,,,
1430599406.78467,pg_catalog,pg_user_mapping,3,0,0,0,0,0,0,0,0,0,0,0,0,0,,,,
1430599406.78467,pg_catalog,pg_inherits,3,0,84,0,0,0,0,0,0,0,0,0,2,82,,,,
1430599406.78467,pg_toast,pg_toast_3596,0,0,0,0,0,0,0,0,0,0,0,0,0,0,,,,
1430599406.78467,pg_catalog,pg_rewrite,3,327,2,2,0,0,0,0,109,0,23,23,2,2,45,39,8,122
1430599406.78467,pg_catalog,pg_foreign_data_wrapper,3,0,0,0,0,0,0,0,0,0,0,0,0,0,,,,
1430599406.78467,pg_catalog,pg_largeobject_metadata,2,0,0,0,0,0,0,0,0,0,0,0,0,0,,,,
1430599406.78467,pg_catalog,pg_opclass,7,388,357,4582,0,0,0,0,128,0,9,1624,12,453,,,,
1430599406.78467,pg_catalog,pg_attrdef,3,0,0,0,0,0,0,0,0,0,0,0,0,0,0,0,0,0
1430599406.78467,pg_catalog,pg_default_acl,3,0,59,0,0,0,0,0,0,0,0,0,2,57,,,,
1430599406.78467,pg_catalog,pg_aggregate,2,266,3,3,0,0,0,0,133,0,5,4,2,4,,,,
1430599406.78467,pg_toast,pg_toast_12329,0,0,0,0,0,0,0,0,0,0,0,0,0,0,,,,
1430599406.78467,pg_catalog,pg_ts_dict,3,48,0,0,0,0,0,0,16,0,2,2,0,0,,,,
1430599406.78467,pg_catalog,pg_index,20,512,1031,1270,27,0,17,0,123,17,13,1127,12,1228,,,,
1430599406.78467,pg_catalog,pg_tablespace,69,138,3544,3544,0,0,0,0,2,0,50,3574,96,7026,,,,
1430599406.78467,pg_toast,pg_toast_2619,0,0,168,413,70,0,9,0,61,9,32,292,4,252,,,,
1430599406.78467,pg_catalog,pg_constraint,5,50,8,0,8,0,0,0,10,0,6,33,8,64,0,0,0,0
1430599406.78467,pg_toast,pg_toast_2618,0,0,62,193,0,0,0,0,0,0,45,39,4,61,,,,
1430599406.78467,pg_catalog,pg_cast,3,594,1753,344,0,0,0,0,198,0,6,346,6,1784,,,,
1430599406.78467,pg_catalog,pg_ts_config,3,48,0,0,0,0,0,0,16,0,2,2,0,0,,,,
1430599406.78467,pg_catalog,pg_ts_parser,3,3,0,0,0,0,0,0,1,0,2,2,0,0,,,,
1430599406.78467,pg_toast,pg_toast_2620,0,0,0,0,0,0,0,0,0,0,0,0,0,0,,,,
1430599406.78467,pg_toast,pg_toast_2396,0,0,0,0,0,0,0,0,0,0,0,0,0,0,,,,
1430599406.78467,pg_catalog,pg_largeobject,2,0,0,0,0,0,0,0,0,0,0,0,0,0,,,,
1430599406.78467,pg_catalog,pg_enum,4,0,0,0,0,0,0,0,0,0,0,0,0,0,,,,
1430599406.78467,pg_catalog,pg_foreign_table,2,0,0,0,0,0,0,0,0,0,0,0,0,0,,,,
1430599406.78467,pg_catalog,pg_collation,3,1806,0,0,0,0,0,0,602,0,38,38,0,0,,,,
1430599406.78467,public,new_order,4,72000,0,0,18006,0,0,0,18006,0,199,589,7,12,,,,
1430599406.78467,pg_catalog,pg_am,101,113,0,0,0,0,0,0,5,0,3,99,0,0,,,,
1430599406.78467,pg_catalog,pg_proc,3,8073,258,283,6,0,0,0,2691,0,160,419,30,592,0,0,0,0
1430599406.78467,pg_catalog,pg_shdepend,33,33,3742,936,0,0,0,0,1,0,23,957,92,3894,,,,
1430599406.78467,public,history,1,60000,,,60004,0,0,0,60004,0,1289,1928,,,,,,
1430599406.78467,pg_catalog,pg_language,4,16,10,10,0,0,0,0,4,0,2,13,4,18,,,,
1430599406.78467,pg_catalog,pg_range,2,12,2,0,0,0,0,0,6,0,2,1,2,2,,,,
1430599406.78467,pg_catalog,pg_attribute,26,7792,2619,9724,1401,20,1219,1,2491,1218,138,6101,35,11020,,,,
1430599406.78467,public,item,4,400000,58,58,100000,0,0,0,100000,0,2616,7808,46,76,,,,
1430599406.78467,pg_catalog,pg_database,2117,8245,63507,63483,12,0,11,0,4,0,23,65633,235,75895,,,,
1430599406.78467,pg_catalog,pg_conversion,4,528,0,0,0,0,0,0,132,0,6,9,0,0,,,,
1430599406.78467,pg_catalog,pg_type,3,1093,1407,1048,173,0,151,0,361,151,26,1422,20,3432,,,,
1430599406.78467,public,order_line,4,2274320,1,186,568638,0,0,0,568638,0,35856,20367,12,174,,,,
1430599406.78467,pg_catalog,pg_trigger,4,0,0,0,0,0,0,0,0,0,0,0,0,0,0,0,0,0
1430599406.78467,public,stock,4,800000,302,136,200000,58,0,0,200000,58,45989,23840,180,909,,,,
1430599406.78467,public,warehouse,21,36,0,0,2,4,0,4,2,4,3,21,1,10,,,,
1430599406.78467,information_schema,sql_implementation_info,1,12,,,0,0,0,0,12,0,2,0,,,0,0,0,0
1430599406.78467,information_schema,sql_languages,1,4,,,0,0,0,0,4,0,2,0,,,0,0,0,0
1430599406.78467,pg_toast,pg_toast_12309,0,0,0,0,0,0,0,0,0,0,0,0,0,0,,,,
1430599406.78467,pg_toast,pg_toast_12334,0,0,0,0,0,0,0,0,0,0,0,0,0,0,,,,
1430599406.78467,pg_catalog,pg_amop,4,1744,257,329,0,0,0,0,436,0,12,337,21,575,,,,
1430599406.78467,pg_toast,pg_toast_1255,0,0,0,0,0,0,0,0,0,0,0,0,0,0,,,,
1430599406.78467,pg_toast,pg_toast_12314,0,0,0,0,0,0,0,0,0,0,0,0,0,0,,,,
1430599406.78467,pg_toast,pg_toast_12324,0,0,0,0,0,0,0,0,0,0,0,0,0,0,,,,
1430599406.78467,pg_catalog,pg_amproc,7,1040,257,421,0,0,0,0,344,0,9,261,9,592,,,,
1430599406.78467,pg_toast,pg_toast_2964,0,0,0,0,0,0,0,0,0,0,0,0,0,0,,,,
1430599406.78467,pg_catalog,pg_ts_template,3,15,0,0,0,0,0,0,5,0,2,2,0,0,,,,
1430599406.78467,pg_catalog,pg_db_role_setting,33,0,25228,0,0,0,0,0,0,0,0,0,56,25172,0,0,0,0
1430599406.78467,pg_toast,pg_toast_2609,0,0,0,0,0,0,0,0,0,0,0,0,0,0,,,,
1430599406.78467,information_schema,sql_parts,1,9,,,0,0,0,0,9,0,2,0,,,0,0,0,0
1430599406.78467,pg_catalog,pg_class,42,2921,3120,2765,122,324,101,69,316,361,29,4361,33,7881,,,,
1430599406.78467,pg_catalog,pg_seclabel,2,0,252,0,0,0,0,0,0,0,0,0,2,250,0,0,0,0
1430599406.78467,pg_catalog,pg_ts_config_map,2,608,0,0,0,0,0,0,304,0,4,2,0,0,,,,
1430599406.78467,information_schema,sql_sizing,1,23,,,0,0,0,0,23,0,2,0,,,0,0,0,0
1430599406.78467,pg_toast,pg_toast_12339,0,0,0,0,0,0,0,0,0,0,0,0,0,0,,,,
1430599406.78467,information_schema,sql_packages,1,10,,,0,0,0,0,10,0,2,0,,,0,0,0,0
1430599406.78467,public,district,32,520,0,0,20,10,0,10,20,10,3,41,1,13,,,,
1430599406.78467,pg_toast,pg_toast_2606,0,0,0,0,0,0,0,0,0,0,0,0,0,0,,,,
1430599406.78467,pg_catalog,pg_pltemplate,22,176,0,0,0,0,0,0,8,0,22,11,0,0,,,,
1430599406.78467,pg_catalog,pg_auth_members,33,0,0,0,0,0,0,0,0,0,0,0,0,0,,,,
1430599406.78467,pg_catalog,pg_depend,3,20120,2731,2507,348,0,256,0,6672,256,103,3172,39,6884,,,,
1430599406.78467,pg_toast,pg_toast_2604,0,0,0,0,0,0,0,0,0,0,0,0,0,0,,,,
1430599406.78467,pg_catalog,pg_shseclabel,22,0,11,0,0,0,0,0,0,0,0,0,11,0,,,,
1430599406.78467,information_schema,sql_features,1,672,,,0,0,0,0,672,0,14,0,,,0,0,0,0
1430599406.78467,pg_toast,pg_toast_12319,0,0,0,0,0,0,0,0,0,0,0,0,0,0,,,,
1430599406.78467,pg_catalog,pg_description,2,7372,252,0,0,0,0,0,3686,0,64,32,6,501,0,0,0,0
1430599406.78467,pg_catalog,pg_namespace,5,30,200,120,0,0,0,0,6,0,3,123,11,284,,,,
1430599406.78467,public,orders,6,360000,0,0,60006,0,0,0,60006,0,969,3865,17,35,,,,
1430599406.78467,information_schema,sql_sizing_profiles,1,0,,,0,0,0,0,0,0,0,0,,,0,0,0,0
1430599406.78467,pg_catalog,pg_foreign_server,3,0,0,0,0,0,0,0,0,0,0,0,0,0,,,,
1430599466.82815,pg_catalog,pg_operator,3,2295,835,5305,0,0,0,0,765,0,42,3712,20,1783,,,,
1430599466.82815,pg_catalog,pg_extension,3,3,0,0,0,0,0,0,1,0,2,2,0,0,,,,
1430599466.82815,pg_catalog,pg_authid,404,404,9523,9523,0,0,0,0,1,0,58,9880,198,18848,,,,
1430599466.82815,public,customer,6,360000,128693,330284,60000,52435,0,43273,60000,12510,40807,418789,1584,442131,,,,
1430599466.82815,pg_catalog,pg_statistic,2,798,2516,2331,92,399,0,180,92,297,62,3293,13,5705,32,712,4,559
1430599466.82815,pg_catalog,pg_opfamily,3,258,0,0,0,0,0,0,86,0,4,4,0,0,,,,
1430599466.82815,pg_catalog,pg_shdescription,26,75,11,0,0,0,0,0,3,0,23,14,23,0,0,0,0,0
1430599466.82815,pg_catalog,pg_event_trigger,3,0,27,0,0,0,0,0,0,0,0,0,2,25,,,,
1430599466.82815,pg_catalog,pg_user_mapping,3,0,0,0,0,0,0,0,0,0,0,0,0,0,,,,
1430599466.82815,pg_catalog,pg_inherits,3,0,84,0,0,0,0,0,0,0,0,0,2,82,,,,
1430599466.82815,pg_toast,pg_toast_3596,0,0,0,0,0,0,0,0,0,0,0,0,0,0,,,,
1430599466.82815,pg_catalog,pg_rewrite,3,327,9,9,0,0,0,0,109,0,27,26,2,14,51,40,8,138
1430599466.82815,pg_catalog,pg_foreign_data_wrapper,3,0,0,0,0,0,0,0,0,0,0,0,0,0,,,,
1430599466.82815,pg_catalog,pg_largeobject_metadata,2,0,0,0,0,0,0,0,0,0,0,0,0,0,,,,
1430599466.82815,pg_catalog,pg_opclass,9,390,570,7878,0,0,0,0,128,0,10,2898,14,698,,,,
1430599466.82815,pg_catalog,pg_attrdef,3,0,0,0,0,0,0,0,0,0,0,0,0,0,0,0,0,0
1430599466.82815,pg_catalog,pg_default_acl,3,0,59,0,0,0,0,0,0,0,0,0,2,57,,,,
1430599466.82815,pg_catalog,pg_aggregate,2,266,43,43,0,0,0,0,133,0,5,44,2,64,,,,
1430599466.82815,pg_toast,pg_toast_12329,0,0,0,0,0,0,0,0,0,0,0,0,0,0,,,,
1430599466.82815,pg_catalog,pg_ts_dict,3,48,0,0,0,0,0,0,16,0,2,2,0,0,,,,
1430599466.82815,pg_catalog,pg_index,32,1134,1466,1745,27,0,17,0,123,17,15,1586,14,1693,,,,
1430599466.82815,pg_catalog,pg_tablespace,69,138,3599,3599,0,0,0,0,2,0,51,3628,99,7135,,,,
1430599466.82815,pg_toast,pg_toast_2619,0,0,463,1337,70,0,9,0,61,9,32,712,4,559,,,,
1430599466.82815,pg_catalog,pg_constraint,5,50,8,0,8,0,0,0,10,0,6,33,8,64,0,0,0,0
1430599466.82815,pg_toast,pg_toast_2618,0,0,67,209,0,0,0,0,0,0,51,40,4,69,,,,
1430599466.82815,pg_catalog,pg_cast,3,594,4087,876,0,0,0,0,198,0,6,878,6,4135,,,,
1430599466.82815,pg_catalog,pg_ts_config,3,48,0,0,0,0,0,0,16,0,2,2,0,0,,,,
1430599466.82815,pg_catalog,pg_ts_parser,3,3,0,0,0,0,0,0,1,0,2,2,0,0,,,,
1430599466.82815,pg_toast,pg_toast_2620,0,0,0,0,0,0,0,0,0,0,0,0,0,0,,,,
1430599466.82815,pg_toast,pg_toast_2396,0,0,0,0,0,0,0,0,0,0,0,0,0,0,,,,
1430599466.82815,pg_catalog,pg_largeobject,2,0,0,0,0,0,0,0,0,0,0,0,0,0,,,,
1430599466.82815,pg_catalog,pg_enum,4,0,0,0,0,0,0,0,0,0,0,0,0,0,,,,
1430599466.82815,pg_catalog,pg_foreign_table,2,0,0,0,0,0,0,0,0,0,0,0,0,0,,,,
1430599466.82815,pg_catalog,pg_collation,3,1806,0,0,0,0,0,0,602,0,38,38,0,0,,,,
1430599466.82815,public,new_order,4,72000,50620,48521,46580,0,22980,0,23322,23258,521,179514,335,220102,,,,
1430599466.82815,pg_catalog,pg_am,116,128,0,0,0,0,0,0,5,0,4,113,0,0,,,,
1430599466.82815,pg_catalog,pg_proc,3,8073,1107,1438,6,0,0,0,2691,0,168,1387,33,2349,0,0,0,0
1430599466.82815,pg_catalog,pg_shdepend,33,33,3742,936,0,0,0,0,1,0,23,957,92,3894,,,,
1430599466.82815,public,history,1,60000,,,87125,0,0,0,87125,0,1612,29703,,,,,,
1430599466.82815,pg_catalog,pg_language,4,16,10,10,0,0,0,0,4,0,2,13,4,18,,,,
1430599466.82815,pg_catalog,pg_range,2,12,2,0,0,0,0,0,6,0,2,1,2,2,,,,
1430599466.82815,pg_catalog,pg_attribute,37,7867,4420,14050,1401,20,1219,1,2491,1218,163,8295,40,14635,,,,
1430599466.82815,public,item,4,400000,299303,299025,100000,0,0,0,100000,0,5755,303636,283,599749,,,,
1430599466.82815,pg_catalog,pg_database,2120,8251,63703,63679,12,0,11,0,4,0,23,65832,239,76208,,,,
1430599466.82815,pg_catalog,pg_conversion,4,528,0,0,0,0,0,0,132,0,6,9,0,0,,,,
1430599466.82815,pg_catalog,pg_type,3,1093,2182,1823,173,0,151,0,361,0,26,2197,20,4999,,,,
1430599466.82815,public,order_line,4,2274320,55648,600781,867605,246389,0,107231,864965,194327,45995,1236613,5973,1489627,,,,
1430599466.82815,pg_catalog,pg_trigger,4,0,0,0,0,0,0,0,0,0,0,0,0,0,0,0,0,0
1430599466.82815,public,stock,4,800000,681191,601794,200000,299025,0,0,198630,27642,72572,969049,1802,2947950,,,,
1430599466.82815,public,warehouse,34409,52108,56780,56780,2,27125,0,26586,2,2259,62,1063846,3,57359,,,,
1430599466.82815,information_schema,sql_implementation_info,1,12,,,0,0,0,0,12,0,2,0,,,0,0,0,0
1430599466.82815,information_schema,sql_languages,1,4,,,0,0,0,0,4,0,2,0,,,0,0,0,0
1430599466.82815,pg_toast,pg_toast_12309,0,0,0,0,0,0,0,0,0,0,0,0,0,0,,,,
1430599466.82815,pg_toast,pg_toast_12334,0,0,0,0,0,0,0,0,0,0,0,0,0,0,,,,
1430599466.82815,pg_catalog,pg_amop,4,1744,622,818,0,0,0,0,436,0,12,826,21,1337,,,,
1430599466.82815,pg_toast,pg_toast_1255,0,0,0,0,0,0,0,0,0,0,0,0,0,0,,,,
1430599466.82815,pg_toast,pg_toast_12314,0,0,0,0,0,0,0,0,0,0,0,0,0,0,,,,
1430599466.82815,pg_toast,pg_toast_12324,0,0,0,0,0,0,0,0,0,0,0,0,0,0,,,,
1430599466.82815,pg_catalog,pg_amproc,9,1044,381,591,0,0,0,0,344,0,12,388,12,852,,,,
1430599466.82815,pg_toast,pg_toast_2964,0,0,0,0,0,0,0,0,0,0,0,0,0,0,,,,
1430599466.82815,pg_catalog,pg_ts_template,3,15,0,0,0,0,0,0,5,0,2,2,0,0,,,,
1430599466.82815,pg_catalog,pg_db_role_setting,33,0,25472,0,0,0,0,0,0,0,0,0,57,25415,0,0,0,0
1430599466.82815,pg_toast,pg_toast_2609,0,0,0,0,0,0,0,0,0,0,0,0,0,0,,,,
1430599466.82815,information_schema,sql_parts,1,9,,,0,0,0,0,9,0,2,0,,,0,0,0,0
1430599466.82815,pg_catalog,pg_class,59,4828,4511,3994,122,324,101,69,316,361,36,5676,38,9690,,,,
1430599466.82815,pg_catalog,pg_seclabel,2,0,252,0,0,0,0,0,0,0,0,0,2,250,0,0,0,0
1430599466.82815,pg_catalog,pg_ts_config_map,2,608,0,0,0,0,0,0,304,0,4,2,0,0,,,,
1430599466.82815,information_schema,sql_sizing,1,23,,,0,0,0,0,23,0,2,0,,,0,0,0,0
1430599466.82815,pg_toast,pg_toast_12339,0,0,0,0,0,0,0,0,0,0,0,0,0,0,,,,
1430599466.82815,information_schema,sql_packages,1,10,,,0,0,0,0,10,0,2,0,,,0,0,0,0
1430599466.82815,public,district,123384,2301620,2298,2298,20,55705,0,55524,20,3773,74,1440864,2,2503,,,,
1430599466.82815,pg_toast,pg_toast_2606,0,0,0,0,0,0,0,0,0,0,0,0,0,0,,,,
1430599466.82815,pg_catalog,pg_pltemplate,22,176,0,0,0,0,0,0,8,0,22,11,0,0,,,,
1430599466.82815,pg_catalog,pg_auth_members,33,0,0,0,0,0,0,0,0,0,0,0,0,0,,,,
1430599466.82815,pg_catalog,pg_depend,3,20120,2731,2507,348,0,256,0,6672,256,103,3172,39,6884,,,,
1430599466.82815,pg_toast,pg_toast_2604,0,0,0,0,0,0,0,0,0,0,0,0,0,0,,,,
1430599466.82815,pg_catalog,pg_shseclabel,22,0,11,0,0,0,0,0,0,0,0,0,11,0,,,,
1430599466.82815,information_schema,sql_features,1,672,,,0,0,0,0,672,0,14,0,,,0,0,0,0
1430599466.82815,pg_toast,pg_toast_12319,0,0,0,0,0,0,0,0,0,0,0,0,0,0,,,,
1430599466.82815,pg_catalog,pg_description,2,7372,252,0,0,0,0,0,3686,0,64,32,6,501,0,0,0,0
1430599466.82815,pg_catalog,pg_namespace,7,42,374,277,0,0,0,0,6,0,3,282,12,476,,,,
1430599466.82815,public,orders,6,360000,53167,55620,88580,25310,0,19172,88302,6799,3849,125234,1793,368258,,,,
1430599466.82815,information_schema,sql_sizing_profiles,1,0,,,0,0,0,0,0,0,0,0,,,0,0,0,0
1430599466.82815,pg_catalog,pg_foreign_server,3,0,0,0,0,0,0,0,0,0,0,0,0,0,,,,
1430599526.82147,pg_catalog,pg_operator,3,2295,852,5322,0,0,0,0,765,0,45,3726,26,1819,,,,
1430599526.82147,pg_catalog,pg_extension,3,3,0,0,0,0,0,0,1,0,2,2,0,0,,,,
1430599526.82147,pg_catalog,pg_authid,405,405,9533,9533,0,0,0,0,1,0,59,9890,202,18864,,,,
1430599526.82147,public,customer,6,360000,237091,599935,60000,96575,0,80528,59852,3350,74233,752426,9549,805628,,,,
1430599526.82147,pg_catalog,pg_statistic,2,798,2881,2690,92,399,0,180,92,293,68,3646,17,6436,32,992,4,779
1430599526.82147,pg_catalog,pg_opfamily,3,258,0,0,0,0,0,0,86,0,4,4,0,0,,,,
1430599526.82147,pg_catalog,pg_shdescription,26,75,11,0,0,0,0,0,3,0,23,14,23,0,0,0,0,0
1430599526.82147,pg_catalog,pg_event_trigger,3,0,27,0,0,0,0,0,0,0,0,0,2,25,,,,
1430599526.82147,pg_catalog,pg_user_mapping,3,0,0,0,0,0,0,0,0,0,0,0,0,0,,,,
1430599526.82147,pg_catalog,pg_inherits,3,0,84,0,0,0,0,0,0,0,0,0,2,82,,,,
1430599526.82147,pg_toast,pg_toast_3596,0,0,0,0,0,0,0,0,0,0,0,0,0,0,,,,
1430599526.82147,pg_catalog,pg_rewrite,3,327,16,16,0,0,0,0,109,0,32,28,4,24,57,41,12,150
1430599526.82147,pg_catalog,pg_foreign_data_wrapper,3,0,0,0,0,0,0,0,0,0,0,0,0,0,,,,
1430599526.82147,pg_catalog,pg_largeobject_metadata,2,0,0,0,0,0,0,0,0,0,0,0,0,0,,,,
1430599526.82147,pg_catalog,pg_opclass,9,390,585,8060,0,0,0,0,128,0,12,2963,18,717,,,,
1430599526.82147,pg_catalog,pg_attrdef,3,0,0,0,0,0,0,0,0,0,0,0,0,0,0,0,0,0
1430599526.82147,pg_catalog,pg_default_acl,3,0,59,0,0,0,0,0,0,0,0,0,2,57,,,,
1430599526.82147,pg_catalog,pg_aggregate,2,266,44,44,0,0,0,0,133,0,6,44,4,64,,,,
1430599526.82147,pg_toast,pg_toast_12329,0,0,0,0,0,0,0,0,0,0,0,0,0,0,,,,
1430599526.82147,pg_catalog,pg_ts_dict,3,48,0,0,0,0,0,0,16,0,2,2,0,0,,,,
1430599526.82147,pg_catalog,pg_index,37,1749,1583,1895,27,0,17,0,123,17,17,1716,18,1816,,,,
1430599526.82147,pg_catalog,pg_tablespace,69,138,3604,3604,0,0,0,0,2,0,52,3632,101,7143,,,,
1430599526.82147,pg_toast,pg_toast_2619,0,0,683,1797,70,0,9,0,61,9,32,992,4,779,,,,
1430599526.82147,pg_catalog,pg_constraint,5,50,8,0,8,0,0,0,10,0,6,33,8,64,0,0,0,0
1430599526.82147,pg_toast,pg_toast_2618,0,0,72,225,0,0,0,0,0,0,57,41,6,75,,,,
1430599526.82147,pg_catalog,pg_cast,3,594,4156,904,0,0,0,0,198,0,7,905,8,4207,,,,
1430599526.82147,pg_catalog,pg_ts_config,3,48,0,0,0,0,0,0,16,0,2,2,0,0,,,,
1430599526.82147,pg_catalog,pg_ts_parser,3,3,0,0,0,0,0,0,1,0,2,2,0,0,,,,
1430599526.82147,pg_toast,pg_toast_2620,0,0,0,0,0,0,0,0,0,0,0,0,0,0,,,,
1430599526.82147,pg_toast,pg_toast_2396,0,0,0,0,0,0,0,0,0,0,0,0,0,0,,,,
1430599526.82147,pg_catalog,pg_largeobject,2,0,0,0,0,0,0,0,0,0,0,0,0,0,,,,
1430599526.82147,pg_catalog,pg_enum,4,0,0,0,0,0,0,0,0,0,0,0,0,0,,,,
1430599526.82147,pg_catalog,pg_foreign_table,2,0,0,0,0,0,0,0,0,0,0,0,0,0,,,,
1430599526.82147,pg_catalog,pg_collation,3,1806,0,0,0,0,0,0,602,0,38,38,0,0,,,,
1430599526.82147,public,new_order,4,72000,92580,88886,70490,0,42190,0,27775,42715,760,1010752,642,596087,,,,
1430599526.82147,pg_catalog,pg_am,121,133,0,0,0,0,0,0,5,0,5,117,0,0,,,,
1430599526.82147,pg_catalog,pg_proc,3,8073,1185,1551,6,0,0,0,2691,0,181,1467,45,2503,0,0,0,0
1430599526.82147,pg_catalog,pg_shdepend,33,33,3742,936,0,0,0,0,1,0,23,957,92,3894,,,,
1430599526.82147,public,history,1,60000,,,110285,0,0,0,110285,0,1872,53383,,,,,,
1430599526.82147,pg_catalog,pg_language,4,16,10,10,0,0,0,0,4,0,2,13,4,18,,,,
1430599526.82147,pg_catalog,pg_range,2,12,2,0,0,0,0,0,6,0,2,1,2,2,,,,
1430599526.82147,pg_catalog,pg_attribute,37,7867,4756,15666,1401,20,1219,1,2491,1218,172,8764,44,15310,,,,
1430599526.82147,public,item,4,400000,550203,549678,100000,0,0,0,100000,0,10964,549080,364,1102701,,,,
1430599526.82147,pg_catalog,pg_database,2122,8259,63744,63720,12,0,11,0,4,0,24,65874,247,76253,,,,
1430599526.82147,pg_catalog,pg_conversion,4,528,0,0,0,0,0,0,132,0,6,9,0,0,,,,
1430599526.82147,pg_catalog,pg_type,3,1093,2274,1915,173,0,151,0,361,0,30,2285,23,5185,,,,
1430599526.82147,public,order_line,4,2274320,101839,1122012,1118258,465746,0,222745,1113252,329658,55730,2212133,11292,2696663,,,,
1430599526.82147,pg_catalog,pg_trigger,4,0,0,0,0,0,0,0,0,0,0,0,0,0,0,0,0,0
1430599526.82147,public,stock,4,800000,1243789,1105620,200000,549678,0,0,185255,362806,120700,2165787,4410,5398435,,,,
1430599526.82147,public,warehouse,34409,52108,127010,127010,2,50285,0,49311,2,2476,230,2176089,4,128043,,,,
1430599526.82147,information_schema,sql_implementation_info,1,12,,,0,0,0,0,12,0,2,0,,,0,0,0,0
1430599526.82147,information_schema,sql_languages,1,4,,,0,0,0,0,4,0,2,0,,,0,0,0,0
1430599526.82147,pg_toast,pg_toast_12309,0,0,0,0,0,0,0,0,0,0,0,0,0,0,,,,
1430599526.82147,pg_toast,pg_toast_12334,0,0,0,0,0,0,0,0,0,0,0,0,0,0,,,,
1430599526.82147,pg_catalog,pg_amop,4,1744,655,859,0,0,0,0,436,0,14,865,27,1405,,,,
1430599526.82147,pg_toast,pg_toast_1255,0,0,0,0,0,0,0,0,0,0,0,0,0,0,,,,
1430599526.82147,pg_toast,pg_toast_12314,0,0,0,0,0,0,0,0,0,0,0,0,0,0,,,,
1430599526.82147,pg_toast,pg_toast_12324,0,0,0,0,0,0,0,0,0,0,0,0,0,0,,,,
1430599526.82147,pg_catalog,pg_amproc,9,1044,395,612,0,0,0,0,344,0,13,401,15,882,,,,
1430599526.82147,pg_toast,pg_toast_2964,0,0,0,0,0,0,0,0,0,0,0,0,0,0,,,,
1430599526.82147,pg_catalog,pg_ts_template,3,15,0,0,0,0,0,0,5,0,2,2,0,0,,,,
1430599526.82147,pg_catalog,pg_db_role_setting,33,0,25496,0,0,0,0,0,0,0,0,0,59,25437,0,0,0,0
1430599526.82147,pg_toast,pg_toast_2609,0,0,0,0,0,0,0,0,0,0,0,0,0,0,,,,
1430599526.82147,information_schema,sql_parts,1,9,,,0,0,0,0,9,0,2,0,,,0,0,0,0
1430599526.82147,pg_catalog,pg_class,65,6724,5112,4595,122,324,101,69,316,361,38,6323,48,10383,,,,
1430599526.82147,pg_catalog,pg_seclabel,2,0,252,0,0,0,0,0,0,0,0,0,2,250,0,0,0,0
1430599526.82147,pg_catalog,pg_ts_config_map,2,608,0,0,0,0,0,0,304,0,4,2,0,0,,,,
1430599526.82147,information_schema,sql_sizing,1,23,,,0,0,0,0,23,0,2,0,,,0,0,0,0
1430599526.82147,pg_toast,pg_toast_12339,0,0,0,0,0,0,0,0,0,0,0,0,0,0,,,,
1430599526.82147,information_schema,sql_packages,1,10,,,0,0,0,0,10,0,2,0,,,0,0,0,0
1430599526.82147,public,district,223915,4188400,6728,6728,20,102775,0,102077,20,4339,282,21435366,6,11926,,,,
1430599526.82147,pg_toast,pg_toast_2606,0,0,0,0,0,0,0,0,0,0,0,0,0,0,,,,
1430599526.82147,pg_catalog,pg_pltemplate,22,176,0,0,0,0,0,0,8,0,22,11,0,0,,,,
1430599526.82147,pg_catalog,pg_auth_members,33,0,0,0,0,0,0,0,0,0,0,0,0,0,,,,
1430599526.82147,pg_catalog,pg_depend,3,20120,2731,2507,348,0,256,0,6672,256,103,3172,39,6884,,,,
1430599526.82147,pg_toast,pg_toast_2604,0,0,0,0,0,0,0,0,0,0,0,0,0,0,,,,
1430599526.82147,pg_catalog,pg_shseclabel,22,0,11,0,0,0,0,0,0,0,0,0,11,0,,,,
1430599526.82147,information_schema,sql_features,1,672,,,0,0,0,0,672,0,14,0,,,0,0,0,0
1430599526.82147,pg_toast,pg_toast_12319,0,0,0,0,0,0,0,0,0,0,0,0,0,0,,,,
1430599526.82147,pg_catalog,pg_description,2,7372,252,0,0,0,0,0,3686,0,64,32,6,501,0,0,0,0
1430599526.82147,pg_catalog,pg_namespace,9,54,512,410,0,0,0,0,6,0,4,416,16,617,,,,
1430599526.82147,public,orders,6,360000,97249,105269,112490,46290,0,32830,111965,14556,9028,232450,5592,685649,,,,
1430599526.82147,information_schema,sql_sizing_profiles,1,0,,,0,0,0,0,0,0,0,0,,,0,0,0,0
1430599526.82147,pg_catalog,pg_foreign_server,3,0,0,0,0,0,0,0,0,0,0,0,0,0,,,,
1430599586.82373,pg_catalog,pg_operator,3,2295,883,5353,0,0,0,0,765,0,56,3746,40,1876,,,,
1430599586.82373,pg_catalog,pg_extension,3,3,0,0,0,0,0,0,1,0,2,2,0,0,,,,
1430599586.82373,pg_catalog,pg_authid,406,406,9544,9544,0,0,0,0,1,0,61,9900,208,18880,,,,
1430599586.82373,public,customer,6,360000,351748,883487,60000,143318,0,122106,58852,8924,120128,1106864,19459,1175522,,,,
1430599586.82373,pg_catalog,pg_statistic,2,798,3914,3717,92,547,0,207,491,146,175,5118,39,8753,71,1357,9,984
1430599586.82373,pg_catalog,pg_opfamily,3,258,0,0,0,0,0,0,86,0,4,4,0,0,,,,
1430599586.82373,pg_catalog,pg_shdescription,26,75,11,0,0,0,0,0,3,0,23,14,23,0,0,0,0,0
1430599586.82373,pg_catalog,pg_event_trigger,3,0,27,0,0,0,0,0,0,0,0,0,2,25,,,,
1430599586.82373,pg_catalog,pg_user_mapping,3,0,0,0,0,0,0,0,0,0,0,0,0,0,,,,
1430599586.82373,pg_catalog,pg_inherits,3,0,84,0,0,0,0,0,0,0,0,0,2,82,,,,
1430599586.82373,pg_toast,pg_toast_3596,0,0,0,0,0,0,0,0,0,0,0,0,0,0,,,,
1430599586.82373,pg_catalog,pg_rewrite,3,327,23,23,0,0,0,0,109,0,37,30,6,34,63,42,16,162
1430599586.82373,pg_catalog,pg_foreign_data_wrapper,3,0,0,0,0,0,0,0,0,0,0,0,0,0,,,,
1430599586.82373,pg_catalog,pg_largeobject_metadata,2,0,0,0,0,0,0,0,0,0,0,0,0,0,,,,
1430599586.82373,pg_catalog,pg_opclass,11,392,691,9436,0,0,0,0,128,0,26,3433,33,816,,,,
1430599586.82373,pg_catalog,pg_attrdef,3,0,0,0,0,0,0,0,0,0,0,0,0,0,0,0,0,0
1430599586.82373,pg_catalog,pg_default_acl,3,0,59,0,0,0,0,0,0,0,0,0,2,57,,,,
1430599586.82373,pg_catalog,pg_aggregate,2,266,45,45,0,0,0,0,133,0,7,44,6,64,,,,
1430599586.82373,pg_toast,pg_toast_12329,0,0,0,0,0,0,0,0,0,0,0,0,0,0,,,,
1430599586.82373,pg_catalog,pg_ts_dict,3,48,0,0,0,0,0,0,16,0,2,2,0,0,,,,
1430599586.82373,pg_catalog,pg_index,49,2371,1903,2295,27,0,17,0,123,17,30,2049,34,2130,,,,
1430599586.82373,pg_catalog,pg_tablespace,69,138,3609,3609,0,0,0,0,2,0,53,3636,103,7151,,,,
1430599586.82373,pg_toast,pg_toast_2619,0,0,837,2487,125,0,64,0,61,64,71,1357,9,984,,,,
1430599586.82373,pg_catalog,pg_constraint,5,50,8,0,8,0,0,0,10,0,6,33,8,64,0,0,0,0
1430599586.82373,pg_toast,pg_toast_2618,0,0,77,241,0,0,0,0,0,0,63,42,8,81,,,,
1430599586.82373,pg_catalog,pg_cast,3,594,4659,965,0,0,0,0,198,0,11,962,14,4710,,,,
1430599586.82373,pg_catalog,pg_ts_config,3,48,0,0,0,0,0,0,16,0,2,2,0,0,,,,
1430599586.82373,pg_catalog,pg_ts_parser,3,3,0,0,0,0,0,0,1,0,2,2,0,0,,,,
1430599586.82373,pg_toast,pg_toast_2620,0,0,0,0,0,0,0,0,0,0,0,0,0,0,,,,
1430599586.82373,pg_toast,pg_toast_2396,0,0,0,0,0,0,0,0,0,0,0,0,0,0,,,,
1430599586.82373,pg_catalog,pg_largeobject,2,0,0,0,0,0,0,0,0,0,0,0,0,0,,,,
1430599586.82373,pg_catalog,pg_enum,4,0,0,0,0,0,0,0,0,0,0,0,0,0,,,,
1430599586.82373,pg_catalog,pg_foreign_table,2,0,0,0,0,0,0,0,0,0,0,0,0,0,,,,
1430599586.82373,pg_catalog,pg_collation,3,1806,0,0,0,0,0,0,602,0,38,38,0,0,,,,
1430599586.82373,public,new_order,4,72000,137500,131888,96055,0,62610,0,32374,16424,2112,1656719,1123,954463,,,,
1430599586.82373,pg_catalog,pg_am,125,137,0,0,0,0,0,0,5,0,7,119,0,0,,,,
1430599586.82373,pg_catalog,pg_proc,3,8073,1263,1664,6,0,0,0,2691,0,194,1547,57,2657,0,0,0,0
1430599586.82373,pg_catalog,pg_shdepend,33,33,3742,936,0,0,0,0,1,0,23,957,92,3894,,,,
1430599586.82373,public,history,1,60000,,,134568,0,0,0,133599,0,3400,78269,,,,,,
1430599586.82373,pg_catalog,pg_language,4,16,10,10,0,0,0,0,4,0,2,13,4,18,,,,
1430599586.82373,pg_catalog,pg_range,2,12,2,0,0,0,0,0,6,0,2,1,2,2,,,,
1430599586.82373,pg_catalog,pg_attribute,48,7942,5553,19282,1401,20,1219,1,2491,0,337,10008,102,16937,,,,
1430599586.82373,public,item,4,400000,818787,817996,100000,0,0,0,100000,0,16909,811453,438,1641117,,,,
1430599586.82373,pg_catalog,pg_database,2125,8271,63793,63769,12,0,11,0,4,0,26,65924,260,76303,,,,
1430599586.82373,pg_catalog,pg_conversion,4,528,0,0,0,0,0,0,132,0,6,9,0,0,,,,
1430599586.82373,pg_catalog,pg_type,3,1093,2385,2026,173,0,151,0,361,0,50,2411,40,5403,,,,
1430599586.82373,public,order_line,4,2274320,151251,1691970,1386576,701196,0,355425,1379023,470286,66524,3222502,17013,3963403,,,,
1430599586.82373,pg_catalog,pg_trigger,4,0,0,0,0,0,0,0,0,0,0,0,0,0,0,0,0,0
1430599586.82373,public,stock,4,800000,1858018,1645827,200000,817996,0,0,185255,631124,194674,3169072,7303,8059180,,,,
1430599586.82373,public,warehouse,34409,52108,201141,201141,2,74568,0,73141,0,922,411,3082086,5,202647,,,,
1430599586.82373,information_schema,sql_implementation_info,1,12,,,0,0,0,0,12,0,2,0,,,0,0,0,0
1430599586.82373,information_schema,sql_languages,1,4,,,0,0,0,0,4,0,2,0,,,0,0,0,0
1430599586.82373,pg_toast,pg_toast_12309,0,0,0,0,0,0,0,0,0,0,0,0,0,0,,,,
1430599586.82373,pg_toast,pg_toast_12334,0,0,0,0,0,0,0,0,0,0,0,0,0,0,,,,
1430599586.82373,pg_catalog,pg_amop,4,1744,739,952,0,0,0,0,436,0,28,944,53,1557,,,,
1430599586.82373,pg_toast,pg_toast_1255,0,0,0,0,0,0,0,0,0,0,0,0,0,0,,,,
1430599586.82373,pg_toast,pg_toast_12314,0,0,0,0,0,0,0,0,0,0,0,0,0,0,,,,
1430599586.82373,pg_toast,pg_toast_12324,0,0,0,0,0,0,0,0,0,0,0,0,0,0,,,,
1430599586.82373,pg_catalog,pg_amproc,11,1048,479,723,0,0,0,0,344,0,21,477,29,1040,,,,
1430599586.82373,pg_toast,pg_toast_2964,0,0,0,0,0,0,0,0,0,0,0,0,0,0,,,,
1430599586.82373,pg_catalog,pg_ts_template,3,15,0,0,0,0,0,0,5,0,2,2,0,0,,,,
1430599586.82373,pg_catalog,pg_db_role_setting,33,0,25524,0,0,0,0,0,0,0,0,0,62,25462,0,0,0,0
1430599586.82373,pg_toast,pg_toast_2609,0,0,0,0,0,0,0,0,0,0,0,0,0,0,,,,
1430599586.82373,information_schema,sql_parts,1,9,,,0,0,0,0,9,0,2,0,,,0,0,0,0
1430599586.82373,pg_catalog,pg_class,89,9599,6328,5811,122,324,101,69,316,0,79,7703,72,11806,,,,
1430599586.82373,pg_catalog,pg_seclabel,2,0,252,0,0,0,0,0,0,0,0,0,2,250,0,0,0,0
1430599586.82373,pg_catalog,pg_ts_config_map,2,608,0,0,0,0,0,0,304,0,4,2,0,0,,,,
1430599586.82373,information_schema,sql_sizing,1,23,,,0,0,0,0,23,0,2,0,,,0,0,0,0
1430599586.82373,pg_toast,pg_toast_12339,0,0,0,0,0,0,0,0,0,0,0,0,0,0,,,,
1430599586.82373,information_schema,sql_packages,1,10,,,0,0,0,0,10,0,2,0,,,0,0,0,0
1430599586.82373,public,district,267516,5006820,71414,71414,20,152623,0,151348,20,614,509,37681643,7,148460,,,,
1430599586.82373,pg_toast,pg_toast_2606,0,0,0,0,0,0,0,0,0,0,0,0,0,0,,,,
1430599586.82373,pg_catalog,pg_pltemplate,22,176,0,0,0,0,0,0,8,0,22,11,0,0,,,,
1430599586.82373,pg_catalog,pg_auth_members,33,0,0,0,0,0,0,0,0,0,0,0,0,0,,,,
1430599586.82373,pg_catalog,pg_depend,3,20120,2731,2507,348,0,256,0,6672,256,103,3172,39,6884,,,,
1430599586.82373,pg_toast,pg_toast_2604,0,0,0,0,0,0,0,0,0,0,0,0,0,0,,,,
1430599586.82373,pg_catalog,pg_shseclabel,22,0,11,0,0,0,0,0,0,0,0,0,11,0,,,,
1430599586.82373,information_schema,sql_features,1,672,,,0,0,0,0,672,0,14,0,,,0,0,0,0
1430599586.82373,pg_toast,pg_toast_12319,0,0,0,0,0,0,0,0,0,0,0,0,0,0,,,,
1430599586.82373,pg_catalog,pg_description,2,7372,252,0,0,0,0,0,3686,0,64,32,6,501,0,0,0,0
1430599586.82373,pg_catalog,pg_namespace,11,66,652,545,0,0,0,0,6,0,6,551,22,759,,,,
1430599586.82373,public,orders,6,360000,144321,162206,138055,68750,0,48329,136178,3123,18523,350586,13860,1017111,,,,
1430599586.82373,information_schema,sql_sizing_profiles,1,0,,,0,0,0,0,0,0,0,0,,,0,0,0,0
1430599586.82373,pg_catalog,pg_foreign_server,3,0,0,0,0,0,0,0,0,0,0,0,0,0,,,,
1430599646.85262,pg_catalog,pg_operator,3,2295,900,5370,0,0,0,0,765,0,59,3760,46,1912,,,,
1430599646.85262,pg_catalog,pg_extension,3,3,0,0,0,0,0,0,1,0,2,2,0,0,,,,
1430599646.85262,pg_catalog,pg_authid,407,407,9554,9554,0,0,0,0,1,0,62,9910,212,18896,,,,
1430599646.85262,public,customer,6,360000,464859,1171901,60000,189761,0,156628,57701,20023,181373,1468070,32733,1576974,,,,
1430599646.85262,pg_catalog,pg_statistic,2,798,3939,3736,92,547,0,207,491,146,178,5134,41,8806,71,1357,9,984
1430599646.85262,pg_catalog,pg_opfamily,3,258,0,0,0,0,0,0,86,0,4,4,0,0,,,,
1430599646.85262,pg_catalog,pg_shdescription,26,75,11,0,0,0,0,0,3,0,23,14,23,0,0,0,0,0
1430599646.85262,pg_catalog,pg_event_trigger,3,0,27,0,0,0,0,0,0,0,0,0,2,25,,,,
1430599646.85262,pg_catalog,pg_user_mapping,3,0,0,0,0,0,0,0,0,0,0,0,0,0,,,,
1430599646.85262,pg_catalog,pg_inherits,3,0,84,0,0,0,0,0,0,0,0,0,2,82,,,,
1430599646.85262,pg_toast,pg_toast_3596,0,0,0,0,0,0,0,0,0,0,0,0,0,0,,,,
1430599646.85262,pg_catalog,pg_rewrite,3,327,30,30,0,0,0,0,109,0,42,32,8,44,69,43,20,174
1430599646.85262,pg_catalog,pg_foreign_data_wrapper,3,0,0,0,0,0,0,0,0,0,0,0,0,0,,,,
1430599646.85262,pg_catalog,pg_largeobject_metadata,2,0,0,0,0,0,0,0,0,0,0,0,0,0,,,,
1430599646.85262,pg_catalog,pg_opclass,11,392,721,9633,0,0,0,0,128,0,27,3514,35,850,,,,
1430599646.85262,pg_catalog,pg_attrdef,3,0,0,0,0,0,0,0,0,0,0,0,0,0,0,0,0,0
1430599646.85262,pg_catalog,pg_default_acl,3,0,59,0,0,0,0,0,0,0,0,0,2,57,,,,
1430599646.85262,pg_catalog,pg_aggregate,2,266,46,46,0,0,0,0,133,0,8,44,8,64,,,,
1430599646.85262,pg_toast,pg_toast_12329,0,0,0,0,0,0,0,0,0,0,0,0,0,0,,,,
1430599646.85262,pg_catalog,pg_ts_dict,3,48,0,0,0,0,0,0,16,0,2,2,0,0,,,,
1430599646.85262,pg_catalog,pg_index,54,2986,2015,2420,27,0,17,0,123,17,31,2175,36,2248,,,,
1430599646.85262,pg_catalog,pg_tablespace,69,138,3614,3614,0,0,0,0,2,0,54,3640,105,7159,,,,
1430599646.85262,pg_toast,pg_toast_2619,0,0,837,2487,125,0,64,0,61,64,71,1357,9,984,,,,
1430599646.85262,pg_catalog,pg_constraint,5,50,8,0,8,0,0,0,10,0,6,33,8,64,0,0,0,0
1430599646.85262,pg_toast,pg_toast_2618,0,0,82,257,0,0,0,0,0,0,69,43,10,87,,,,
1430599646.85262,pg_catalog,pg_cast,3,594,4728,993,0,0,0,0,198,0,12,989,15,4783,,,,
1430599646.85262,pg_catalog,pg_ts_config,3,48,0,0,0,0,0,0,16,0,2,2,0,0,,,,
1430599646.85262,pg_catalog,pg_ts_parser,3,3,0,0,0,0,0,0,1,0,2,2,0,0,,,,
1430599646.85262,pg_toast,pg_toast_2620,0,0,0,0,0,0,0,0,0,0,0,0,0,0,,,,
1430599646.85262,pg_toast,pg_toast_2396,0,0,0,0,0,0,0,0,0,0,0,0,0,0,,,,
1430599646.85262,pg_catalog,pg_largeobject,2,0,0,0,0,0,0,0,0,0,0,0,0,0,,,,
1430599646.85262,pg_catalog,pg_enum,4,0,0,0,0,0,0,0,0,0,0,0,0,0,,,,
1430599646.85262,pg_catalog,pg_foreign_table,2,0,0,0,0,0,0,0,0,0,0,0,0,0,,,,
1430599646.85262,pg_catalog,pg_collation,3,1806,0,0,0,0,0,0,602,0,38,38,0,0,,,,
1430599646.85262,public,new_order,4,72000,182440,174651,120884,0,82710,0,36827,36800,2390,3931989,1446,1399994,,,,
1430599646.85262,pg_catalog,pg_am,128,140,0,0,0,0,0,0,5,0,7,122,0,0,,,,
1430599646.85262,pg_catalog,pg_proc,3,8073,1341,1777,6,0,0,0,2691,0,207,1627,69,2811,0,0,0,0
1430599646.85262,pg_catalog,pg_shdepend,33,33,3742,936,0,0,0,0,1,0,23,957,92,3894,,,,
1430599646.85262,public,history,1,60000,,,158541,0,0,0,157572,0,3675,102792,,,,,,
1430599646.85262,pg_catalog,pg_language,4,16,10,10,0,0,0,0,4,0,2,13,4,18,,,,
1430599646.85262,pg_catalog,pg_range,2,12,2,0,0,0,0,0,6,0,2,1,2,2,,,,
1430599646.85262,pg_catalog,pg_attribute,48,7942,5863,20404,1401,20,1219,1,2491,0,344,10433,105,17559,,,,
1430599646.85262,public,item,4,400000,1079136,1078070,100000,0,0,0,100000,0,25788,1062648,760,2162697,,,,
1430599646.85262,pg_catalog,pg_database,2127,8279,63837,63813,12,0,11,0,4,0,26,65970,266,76353,,,,
1430599646.85262,pg_catalog,pg_conversion,4,528,0,0,0,0,0,0,132,0,6,9,0,0,,,,
1430599646.85262,pg_catalog,pg_type,3,1093,2477,2118,173,0,151,0,361,0,54,2499,43,5589,,,,
1430599646.85262,public,order_line,4,2274320,200575,2262509,1646649,937188,0,455188,1636465,632767,79150,4375879,23134,5305382,,,,
1430599646.85262,pg_catalog,pg_trigger,4,0,0,0,0,0,0,0,0,0,0,0,0,0,0,0,0,0
1430599646.85262,public,stock,4,800000,2455064,2169567,200000,1078069,0,0,193790,154399,273315,4787800,12581,10640726,,,,
1430599646.85262,public,warehouse,34409,52108,273916,273916,2,98541,0,96652,2,11070,635,5271199,6,275903,,,,
1430599646.85262,information_schema,sql_implementation_info,1,12,,,0,0,0,0,12,0,2,0,,,0,0,0,0
1430599646.85262,information_schema,sql_languages,1,4,,,0,0,0,0,4,0,2,0,,,0,0,0,0
1430599646.85262,pg_toast,pg_toast_12309,0,0,0,0,0,0,0,0,0,0,0,0,0,0,,,,
1430599646.85262,pg_toast,pg_toast_12334,0,0,0,0,0,0,0,0,0,0,0,0,0,0,,,,
1430599646.85262,pg_catalog,pg_amop,4,1744,772,993,0,0,0,0,436,0,30,983,59,1625,,,,
1430599646.85262,pg_toast,pg_toast_1255,0,0,0,0,0,0,0,0,0,0,0,0,0,0,,,,
1430599646.85262,pg_toast,pg_toast_12314,0,0,0,0,0,0,0,0,0,0,0,0,0,0,,,,
1430599646.85262,pg_toast,pg_toast_12324,0,0,0,0,0,0,0,0,0,0,0,0,0,0,,,,
1430599646.85262,pg_catalog,pg_amproc,11,1048,508,774,0,0,0,0,344,0,22,505,31,1099,,,,
1430599646.85262,pg_toast,pg_toast_2964,0,0,0,0,0,0,0,0,0,0,0,0,0,0,,,,
1430599646.85262,pg_catalog,pg_ts_template,3,15,0,0,0,0,0,0,5,0,2,2,0,0,,,,
1430599646.85262,pg_catalog,pg_db_role_setting,33,0,25548,0,0,0,0,0,0,0,0,0,63,25485,0,0,0,0
1430599646.85262,pg_toast,pg_toast_2609,0,0,0,0,0,0,0,0,0,0,0,0,0,0,,,,
1430599646.85262,information_schema,sql_parts,1,9,,,0,0,0,0,9,0,2,0,,,0,0,0,0
1430599646.85262,pg_catalog,pg_class,113,11513,6863,6223,122,324,101,69,316,0,80,8307,78,12451,,,,
1430599646.85262,pg_catalog,pg_seclabel,2,0,252,0,0,0,0,0,0,0,0,0,2,250,0,0,0,0
1430599646.85262,pg_catalog,pg_ts_config_map,2,608,0,0,0,0,0,0,304,0,4,2,0,0,,,,
1430599646.85262,information_schema,sql_sizing,1,23,,,0,0,0,0,23,0,2,0,,,0,0,0,0
1430599646.85262,pg_toast,pg_toast_12339,0,0,0,0,0,0,0,0,0,0,0,0,0,0,,,,
1430599646.85262,information_schema,sql_packages,1,10,,,0,0,0,0,10,0,2,0,,,0,0,0,0
1430599646.85262,public,district,267516,5006820,174835,174835,20,201425,0,199302,20,22462,862,39196726,8,367263,,,,
1430599646.85262,pg_toast,pg_toast_2606,0,0,0,0,0,0,0,0,0,0,0,0,0,0,,,,
1430599646.85262,pg_catalog,pg_pltemplate,22,176,0,0,0,0,0,0,8,0,22,11,0,0,,,,
1430599646.85262,pg_catalog,pg_auth_members,33,0,0,0,0,0,0,0,0,0,0,0,0,0,,,,
1430599646.85262,pg_catalog,pg_depend,3,20120,2731,2507,348,0,256,0,6672,256,103,3172,39,6884,,,,
1430599646.85262,pg_toast,pg_toast_2604,0,0,0,0,0,0,0,0,0,0,0,0,0,0,,,,
1430599646.85262,pg_catalog,pg_shseclabel,22,0,11,0,0,0,0,0,0,0,0,0,11,0,,,,
1430599646.85262,information_schema,sql_features,1,672,,,0,0,0,0,672,0,14,0,,,0,0,0,0
1430599646.85262,pg_toast,pg_toast_12319,0,0,0,0,0,0,0,0,0,0,0,0,0,0,,,,
1430599646.85262,pg_catalog,pg_description,2,7372,252,0,0,0,0,0,3686,0,64,32,6,501,0,0,0,0
1430599646.85262,pg_catalog,pg_namespace,13,78,790,678,0,0,0,0,6,0,7,685,26,900,,,,
1430599646.85262,public,orders,6,360000,191420,223391,162884,91220,0,59487,160731,15637,29299,476386,26254,1364425,,,,
1430599646.85262,information_schema,sql_sizing_profiles,1,0,,,0,0,0,0,0,0,0,0,,,0,0,0,0
1430599646.85262,pg_catalog,pg_foreign_server,3,0,0,0,0,0,0,0,0,0,0,0,0,0,,,,
1430599706.88621,pg_catalog,pg_operator,3,2295,923,5393,0,0,0,0,765,0,67,3775,56,1957,,,,
1430599706.88621,pg_catalog,pg_extension,3,3,0,0,0,0,0,0,1,0,2,2,0,0,,,,
1430599706.88621,pg_catalog,pg_authid,408,408,9565,9565,0,0,0,0,1,0,64,9920,218,18912,,,,
1430599706.88621,public,customer,6,360000,532488,1347041,60000,216938,0,159306,57701,46986,354925,1838916,67849,1894525,,,,
1430599706.88621,pg_catalog,pg_statistic,2,798,4875,4666,92,598,0,234,491,183,205,6156,56,10717,148,1806,13,1186
1430599706.88621,pg_catalog,pg_opfamily,3,258,0,0,0,0,0,0,86,0,4,4,0,0,,,,
1430599706.88621,pg_catalog,pg_shdescription,26,75,11,0,0,0,0,0,3,0,23,14,23,0,0,0,0,0
1430599706.88621,pg_catalog,pg_event_trigger,3,0,27,0,0,0,0,0,0,0,0,0,2,25,,,,
1430599706.88621,pg_catalog,pg_user_mapping,3,0,0,0,0,0,0,0,0,0,0,0,0,0,,,,
1430599706.88621,pg_catalog,pg_inherits,3,0,84,0,0,0,0,0,0,0,0,0,2,82,,,,
1430599706.88621,pg_toast,pg_toast_3596,0,0,0,0,0,0,0,0,0,0,0,0,0,0,,,,
1430599706.88621,pg_catalog,pg_rewrite,3,327,37,37,0,0,0,0,109,0,47,34,10,54,75,44,24,186
1430599706.88621,pg_catalog,pg_foreign_data_wrapper,3,0,0,0,0,0,0,0,0,0,0,0,0,0,,,,
1430599706.88621,pg_catalog,pg_largeobject_metadata,2,0,0,0,0,0,0,0,0,0,0,0,0,0,,,,
1430599706.88621,pg_catalog,pg_opclass,11,392,757,10094,0,0,0,0,128,0,34,3667,45,891,,,,
1430599706.88621,pg_catalog,pg_attrdef,3,0,0,0,0,0,0,0,0,0,0,0,0,0,0,0,0,0
1430599706.88621,pg_catalog,pg_default_acl,3,0,59,0,0,0,0,0,0,0,0,0,2,57,,,,
1430599706.88621,pg_catalog,pg_aggregate,2,266,47,47,0,0,0,0,133,0,9,44,10,64,,,,
1430599706.88621,pg_toast,pg_toast_12329,0,0,0,0,0,0,0,0,0,0,0,0,0,0,,,,
1430599706.88621,pg_catalog,pg_ts_dict,3,48,0,0,0,0,0,0,16,0,2,2,0,0,,,,
1430599706.88621,pg_catalog,pg_index,59,3601,2238,2697,27,0,17,0,123,17,41,2402,53,2471,,,,
1430599706.88621,pg_catalog,pg_tablespace,69,138,3619,3619,0,0,0,0,2,0,55,3644,107,7167,,,,
1430599706.88621,pg_toast,pg_toast_2619,0,0,997,3389,169,0,95,0,96,62,148,1806,13,1186,,,,
1430599706.88621,pg_catalog,pg_constraint,5,50,8,0,8,0,0,0,10,0,6,33,8,64,0,0,0,0
1430599706.88621,pg_toast,pg_toast_2618,0,0,87,273,0,0,0,0,0,0,75,44,12,93,,,,
1430599706.88621,pg_catalog,pg_cast,3,594,4911,1041,0,0,0,0,198,0,15,1034,19,4968,,,,
1430599706.88621,pg_catalog,pg_ts_config,3,48,0,0,0,0,0,0,16,0,2,2,0,0,,,,
1430599706.88621,pg_catalog,pg_ts_parser,3,3,0,0,0,0,0,0,1,0,2,2,0,0,,,,
1430599706.88621,pg_toast,pg_toast_2620,0,0,0,0,0,0,0,0,0,0,0,0,0,0,,,,
1430599706.88621,pg_toast,pg_toast_2396,0,0,0,0,0,0,0,0,0,0,0,0,0,0,,,,
1430599706.88621,pg_catalog,pg_largeobject,2,0,0,0,0,0,0,0,0,0,0,0,0,0,,,,
1430599706.88621,pg_catalog,pg_enum,4,0,0,0,0,0,0,0,0,0,0,0,0,0,,,,
1430599706.88621,pg_catalog,pg_foreign_table,2,0,0,0,0,0,0,0,0,0,0,0,0,0,,,,
1430599706.88621,pg_catalog,pg_collation,3,1806,0,0,0,0,0,0,602,0,38,38,0,0,,,,
1430599706.88621,public,new_order,4,72000,208080,198777,136058,0,93860,0,40981,20429,3667,12717518,2300,1640831,,,,
1430599706.88621,pg_catalog,pg_am,139,151,0,0,0,0,0,0,5,0,10,130,0,0,,,,
1430599706.88621,pg_catalog,pg_proc,3,8073,1419,1890,6,0,0,0,2691,0,220,1707,81,2965,0,0,0,0
1430599706.88621,pg_catalog,pg_shdepend,33,33,3742,936,0,0,0,0,1,0,23,957,92,3894,,,,
1430599706.88621,public,history,1,60000,,,172898,0,0,0,171290,0,5662,117469,,,,,,
1430599706.88621,pg_catalog,pg_language,4,16,10,10,0,0,0,0,4,0,2,13,4,18,,,,
1430599706.88621,pg_catalog,pg_range,2,12,2,0,0,0,0,0,6,0,2,1,2,2,,,,
1430599706.88621,pg_catalog,pg_attribute,48,7942,6464,22976,1401,20,1219,1,2491,0,386,11204,128,18751,,,,
1430599706.88621,public,item,4,400000,1238547,1237335,100000,0,0,0,100000,0,58529,1189172,5641,2477368,,,,
1430599706.88621,pg_catalog,pg_database,2129,8287,63882,63858,12,0,11,0,4,0,28,66015,275,76401,,,,
1430599706.88621,pg_catalog,pg_conversion,4,528,0,0,0,0,0,0,132,0,6,9,0,0,,,,
1430599706.88621,pg_catalog,pg_type,3,1093,2576,2217,173,0,151,0,361,0,61,2591,49,5787,,,,
1430599706.88621,public,order_line,4,2274320,228967,2592657,1805914,1071788,0,461405,1794349,767192,93325,5273205,28492,6255986,,,,
1430599706.88621,pg_catalog,pg_trigger,4,0,0,0,0,0,0,0,0,0,0,0,0,0,0,0,0,0
1430599706.88621,public,stock,4,800000,2820097,2490011,200000,1237334,0,0,193790,313664,488655,10229814,61013,12192115,,,,
1430599706.88621,public,warehouse,34409,52108,317804,317804,2,112898,0,110755,2,25387,1203,12810343,11,364274,,,,
1430599706.88621,information_schema,sql_implementation_info,1,12,,,0,0,0,0,12,0,2,0,,,0,0,0,0
1430599706.88621,information_schema,sql_languages,1,4,,,0,0,0,0,4,0,2,0,,,0,0,0,0
1430599706.88621,pg_toast,pg_toast_12309,0,0,0,0,0,0,0,0,0,0,0,0,0,0,,,,
1430599706.88621,pg_toast,pg_toast_12334,0,0,0,0,0,0,0,0,0,0,0,0,0,0,,,,
1430599706.88621,pg_catalog,pg_amop,4,1744,829,1059,0,0,0,0,436,0,36,1043,69,1739,,,,
1430599706.88621,pg_toast,pg_toast_1255,0,0,0,0,0,0,0,0,0,0,0,0,0,0,,,,
1430599706.88621,pg_toast,pg_toast_12314,0,0,0,0,0,0,0,0,0,0,0,0,0,0,,,,
1430599706.88621,pg_toast,pg_toast_12324,0,0,0,0,0,0,0,0,0,0,0,0,0,0,,,,
1430599706.88621,pg_catalog,pg_amproc,11,1048,540,818,0,0,0,0,344,0,24,532,38,1167,,,,
1430599706.88621,pg_toast,pg_toast_2964,0,0,0,0,0,0,0,0,0,0,0,0,0,0,,,,
1430599706.88621,pg_catalog,pg_ts_template,3,15,0,0,0,0,0,0,5,0,2,2,0,0,,,,
1430599706.88621,pg_catalog,pg_db_role_setting,33,0,25572,0,0,0,0,0,0,0,0,0,65,25507,0,0,0,0
1430599706.88621,pg_toast,pg_toast_2609,0,0,0,0,0,0,0,0,0,0,0,0,0,0,,,,
1430599706.88621,information_schema,sql_parts,1,9,,,0,0,0,0,9,0,2,0,,,0,0,0,0
1430599706.88621,pg_catalog,pg_class,123,14374,7897,7134,122,324,101,69,316,0,114,9283,103,13668,,,,
1430599706.88621,pg_catalog,pg_seclabel,2,0,252,0,0,0,0,0,0,0,0,0,2,250,0,0,0,0
1430599706.88621,pg_catalog,pg_ts_config_map,2,608,0,0,0,0,0,0,304,0,4,2,0,0,,,,
1430599706.88621,information_schema,sql_sizing,1,23,,,0,0,0,0,23,0,2,0,,,0,0,0,0
1430599706.88621,pg_toast,pg_toast_12339,0,0,0,0,0,0,0,0,0,0,0,0,0,0,,,,
1430599706.88621,information_schema,sql_packages,1,10,,,0,0,0,0,10,0,2,0,,,0,0,0,0
1430599706.88621,public,district,267516,5006820,237137,237137,20,230956,0,227351,11,51530,1485,44402365,14,513283,,,,
1430599706.88621,pg_toast,pg_toast_2606,0,0,0,0,0,0,0,0,0,0,0,0,0,0,,,,
1430599706.88621,pg_catalog,pg_pltemplate,22,176,0,0,0,0,0,0,8,0,22,11,0,0,,,,
1430599706.88621,pg_catalog,pg_auth_members,33,0,0,0,0,0,0,0,0,0,0,0,0,0,,,,
1430599706.88621,pg_catalog,pg_depend,3,20120,2731,2507,348,0,256,0,6672,256,103,3172,39,6884,,,,
1430599706.88621,pg_toast,pg_toast_2604,0,0,0,0,0,0,0,0,0,0,0,0,0,0,,,,
1430599706.88621,pg_catalog,pg_shseclabel,22,0,11,0,0,0,0,0,0,0,0,0,11,0,,,,
1430599706.88621,information_schema,sql_features,1,672,,,0,0,0,0,672,0,14,0,,,0,0,0,0
1430599706.88621,pg_toast,pg_toast_12319,0,0,0,0,0,0,0,0,0,0,0,0,0,0,,,,
1430599706.88621,pg_catalog,pg_description,2,7372,252,0,0,0,0,0,3686,0,64,32,6,501,0,0,0,0
1430599706.88621,pg_catalog,pg_namespace,15,90,930,813,0,0,0,0,6,0,10,819,33,1041,,,,
1430599706.88621,public,orders,6,360000,218486,262009,178058,104040,0,61297,174372,27976,45607,556268,47734,1582465,,,,
1430599706.88621,information_schema,sql_sizing_profiles,1,0,,,0,0,0,0,0,0,0,0,,,0,0,0,0
1430599706.88621,pg_catalog,pg_foreign_server,3,0,0,0,0,0,0,0,0,0,0,0,0,0,,,,
1430599766.8986,pg_catalog,pg_operator,3,2295,948,5418,0,0,0,0,765,0,76,3791,74,2000,,,,
1430599766.8986,pg_catalog,pg_extension,3,3,0,0,0,0,0,0,1,0,2,2,0,0,,,,
1430599766.8986,pg_catalog,pg_authid,409,409,9576,9576,0,0,0,0,1,0,66,9930,224,18928,,,,
1430599766.8986,public,customer,6,360000,653549,1650523,60000,266839,0,208074,57701,51274,479671,2140836,84246,2252552,,,,
1430599766.8986,pg_catalog,pg_statistic,2,798,5491,5276,92,626,0,246,491,25,267,6865,72,11997,169,2418,15,1734
1430599766.8986,pg_catalog,pg_opfamily,3,258,0,0,0,0,0,0,86,0,4,4,0,0,,,,
1430599766.8986,pg_catalog,pg_shdescription,26,75,11,0,0,0,0,0,3,0,23,14,23,0,0,0,0,0
1430599766.8986,pg_catalog,pg_event_trigger,3,0,27,0,0,0,0,0,0,0,0,0,2,25,,,,
1430599766.8986,pg_catalog,pg_user_mapping,3,0,0,0,0,0,0,0,0,0,0,0,0,0,,,,
1430599766.8986,pg_catalog,pg_inherits,3,0,84,0,0,0,0,0,0,0,0,0,2,82,,,,
1430599766.8986,pg_toast,pg_toast_3596,0,0,0,0,0,0,0,0,0,0,0,0,0,0,,,,
1430599766.8986,pg_catalog,pg_rewrite,3,327,45,45,0,0,0,0,109,0,53,36,14,64,81,45,28,198
1430599766.8986,pg_catalog,pg_foreign_data_wrapper,3,0,0,0,0,0,0,0,0,0,0,0,0,0,,,,
1430599766.8986,pg_catalog,pg_largeobject_metadata,2,0,0,0,0,0,0,0,0,0,0,0,0,0,,,,
1430599766.8986,pg_catalog,pg_opclass,11,392,793,10636,0,0,0,0,128,0,45,3844,57,925,,,,
1430599766.8986,pg_catalog,pg_attrdef,3,0,0,0,0,0,0,0,0,0,0,0,0,0,0,0,0,0
1430599766.8986,pg_catalog,pg_default_acl,3,0,59,0,0,0,0,0,0,0,0,0,2,57,,,,
1430599766.8986,pg_catalog,pg_aggregate,2,266,48,48,0,0,0,0,133,0,10,44,12,64,,,,
1430599766.8986,pg_toast,pg_toast_12329,0,0,0,0,0,0,0,0,0,0,0,0,0,0,,,,
1430599766.8986,pg_catalog,pg_ts_dict,3,48,0,0,0,0,0,0,16,0,2,2,0,0,,,,
1430599766.8986,pg_catalog,pg_index,64,4216,2478,2973,27,0,17,0,123,17,52,2646,69,2707,,,,
1430599766.8986,pg_catalog,pg_tablespace,69,138,3624,3624,0,0,0,0,2,0,56,3648,109,7175,,,,
1430599766.8986,pg_toast,pg_toast_2619,0,0,1481,4335,214,0,118,0,118,85,169,2418,15,1734,,,,
1430599766.8986,pg_catalog,pg_constraint,5,50,8,0,8,0,0,0,10,0,6,33,8,64,0,0,0,0
1430599766.8986,pg_toast,pg_toast_2618,0,0,92,289,0,0,0,0,0,0,81,45,14,99,,,,
1430599766.8986,pg_catalog,pg_cast,3,594,5123,1095,0,0,0,0,198,0,20,1083,26,5180,,,,
1430599766.8986,pg_catalog,pg_ts_config,3,48,0,0,0,0,0,0,16,0,2,2,0,0,,,,
1430599766.8986,pg_catalog,pg_ts_parser,3,3,0,0,0,0,0,0,1,0,2,2,0,0,,,,
1430599766.8986,pg_toast,pg_toast_2620,0,0,0,0,0,0,0,0,0,0,0,0,0,0,,,,
1430599766.8986,pg_toast,pg_toast_2396,0,0,0,0,0,0,0,0,0,0,0,0,0,0,,,,
1430599766.8986,pg_catalog,pg_largeobject,2,0,0,0,0,0,0,0,0,0,0,0,0,0,,,,
1430599766.8986,pg_catalog,pg_enum,4,0,0,0,0,0,0,0,0,0,0,0,0,0,,,,
1430599766.8986,pg_catalog,pg_foreign_table,2,0,0,0,0,0,0,0,0,0,0,0,0,0,,,,
1430599766.8986,pg_catalog,pg_collation,3,1806,0,0,0,0,0,0,602,0,38,38,0,0,,,,
1430599766.8986,public,new_order,4,72000,256780,245223,162711,0,115840,0,45247,21977,4888,13150667,3274,2003365,,,,
1430599766.8986,pg_catalog,pg_am,144,156,0,0,0,0,0,0,5,0,12,133,0,0,,,,
1430599766.8986,pg_catalog,pg_proc,3,8073,1503,2016,6,0,0,0,2691,0,239,1790,103,3123,0,0,0,0
1430599766.8986,pg_catalog,pg_shdepend,33,33,3742,936,0,0,0,0,1,0,23,957,92,3894,,,,
1430599766.8986,public,history,1,60000,,,198449,0,0,0,196841,0,5963,143595,,,,,,
1430599766.8986,pg_catalog,pg_language,4,16,10,10,0,0,0,0,4,0,2,13,4,18,,,,
1430599766.8986,pg_catalog,pg_range,2,12,2,0,0,0,0,0,6,0,2,1,2,2,,,,
1430599766.8986,pg_catalog,pg_attribute,48,7942,7042,25314,1401,20,1219,1,2491,0,430,11954,156,19887,,,,
1430599766.8986,public,item,4,400000,1518379,1516901,100000,0,0,0,100000,0,71613,1455654,6382,3037574,,,,
1430599766.8986,pg_catalog,pg_database,2132,8299,63932,63908,12,0,11,0,4,0,30,66066,287,76453,,,,
1430599766.8986,pg_catalog,pg_conversion,4,528,0,0,0,0,0,0,132,0,6,9,0,0,,,,
1430599766.8986,pg_catalog,pg_type,3,1093,2695,2336,173,0,151,0,361,0,72,2699,60,6021,,,,
1430599766.8986,public,order_line,4,2274320,282261,3203229,2085479,1327294,0,630065,2071401,902210,108958,6247878,35128,7519755,,,,
1430599766.8986,pg_catalog,pg_trigger,4,0,0,0,0,0,0,0,0,0,0,0,0,0,0,0,0,0
1430599766.8986,public,stock,4,800000,3455689,3052715,200000,1516899,0,0,177132,866847,688857,11199110,74091,14988440,,,,
1430599766.8986,public,warehouse,34409,52108,395559,395559,2,138449,0,135801,0,430,1609,13581440,12,599074,,,,
1430599766.8986,information_schema,sql_implementation_info,1,12,,,0,0,0,0,12,0,2,0,,,0,0,0,0
1430599766.8986,information_schema,sql_languages,1,4,,,0,0,0,0,4,0,2,0,,,0,0,0,0
1430599766.8986,pg_toast,pg_toast_12309,0,0,0,0,0,0,0,0,0,0,0,0,0,0,,,,
1430599766.8986,pg_toast,pg_toast_12334,0,0,0,0,0,0,0,0,0,0,0,0,0,0,,,,
1430599766.8986,pg_catalog,pg_amop,4,1744,895,1136,0,0,0,0,436,0,46,1110,88,1864,,,,
1430599766.8986,pg_toast,pg_toast_1255,0,0,0,0,0,0,0,0,0,0,0,0,0,0,,,,
1430599766.8986,pg_toast,pg_toast_12314,0,0,0,0,0,0,0,0,0,0,0,0,0,0,,,,
1430599766.8986,pg_toast,pg_toast_12324,0,0,0,0,0,0,0,0,0,0,0,0,0,0,,,,
1430599766.8986,pg_catalog,pg_amproc,11,1048,569,856,0,0,0,0,344,0,28,555,48,1220,,,,
1430599766.8986,pg_toast,pg_toast_2964,0,0,0,0,0,0,0,0,0,0,0,0,0,0,,,,
1430599766.8986,pg_catalog,pg_ts_template,3,15,0,0,0,0,0,0,5,0,2,2,0,0,,,,
1430599766.8986,pg_catalog,pg_db_role_setting,33,0,25600,0,0,0,0,0,0,0,0,0,68,25532,0,0,0,0
1430599766.8986,pg_toast,pg_toast_2609,0,0,0,0,0,0,0,0,0,0,0,0,0,0,,,,
1430599766.8986,information_schema,sql_parts,1,9,,,0,0,0,0,9,0,2,0,,,0,0,0,0
1430599766.8986,pg_catalog,pg_class,135,17552,8892,8006,122,324,101,69,316,0,157,10225,128,14825,,,,
1430599766.8986,pg_catalog,pg_seclabel,2,0,252,0,0,0,0,0,0,0,0,0,2,250,0,0,0,0
1430599766.8986,pg_catalog,pg_ts_config_map,2,608,0,0,0,0,0,0,304,0,4,2,0,0,,,,
1430599766.8986,information_schema,sql_sizing,1,23,,,0,0,0,0,23,0,2,0,,,0,0,0,0
1430599766.8986,pg_toast,pg_toast_12339,0,0,0,0,0,0,0,0,0,0,0,0,0,0,,,,
1430599766.8986,information_schema,sql_packages,1,10,,,0,0,0,0,10,0,2,0,,,0,0,0,0
1430599766.8986,public,district,267516,5006820,347425,347425,20,283160,0,279199,0,233,3213,46371638,15,778505,,,,
1430599766.8986,pg_toast,pg_toast_2606,0,0,0,0,0,0,0,0,0,0,0,0,0,0,,,,
1430599766.8986,pg_catalog,pg_pltemplate,22,176,0,0,0,0,0,0,8,0,22,11,0,0,,,,
1430599766.8986,pg_catalog,pg_auth_members,33,0,0,0,0,0,0,0,0,0,0,0,0,0,,,,
1430599766.8986,pg_catalog,pg_depend,3,20120,2731,2507,348,0,256,0,6672,256,103,3172,39,6884,,,,
1430599766.8986,pg_toast,pg_toast_2604,0,0,0,0,0,0,0,0,0,0,0,0,0,0,,,,
1430599766.8986,pg_catalog,pg_shseclabel,22,0,11,0,0,0,0,0,0,0,0,0,11,0,,,,
1430599766.8986,information_schema,sql_features,1,672,,,0,0,0,0,672,0,14,0,,,0,0,0,0
1430599766.8986,pg_toast,pg_toast_12319,0,0,0,0,0,0,0,0,0,0,0,0,0,0,,,,
1430599766.8986,pg_catalog,pg_description,2,7372,252,0,0,0,0,0,3686,0,64,32,6,501,0,0,0,0
1430599766.8986,pg_catalog,pg_namespace,17,102,1073,950,0,0,0,0,6,0,14,954,42,1184,,,,
1430599766.8986,public,orders,6,360000,269472,334275,204711,128390,0,80689,201167,31470,65564,676523,66442,1908465,,,,
1430599766.8986,information_schema,sql_sizing_profiles,1,0,,,0,0,0,0,0,0,0,0,,,0,0,0,0
1430599766.8986,pg_catalog,pg_foreign_server,3,0,0,0,0,0,0,0,0,0,0,0,0,0,,,,
1430599826.89404,pg_catalog,pg_operator,3,2295,963,5433,0,0,0,0,765,0,78,3804,74,2036,,,,
1430599826.89404,pg_catalog,pg_extension,3,3,0,0,0,0,0,0,1,0,2,2,0,0,,,,
1430599826.89404,pg_catalog,pg_authid,409,409,9576,9576,0,0,0,0,1,0,66,9930,224,18928,,,,
1430599826.89404,public,customer,6,360000,761955,1923156,60000,310886,0,244780,54804,30086,571883,2436842,98931,2611126,,,,
1430599826.89404,pg_catalog,pg_statistic,2,798,5513,5292,92,626,0,246,491,25,271,6877,73,12044,169,2418,15,1734
1430599826.89404,pg_catalog,pg_opfamily,3,258,0,0,0,0,0,0,86,0,4,4,0,0,,,,
1430599826.89404,pg_catalog,pg_shdescription,26,75,11,0,0,0,0,0,3,0,23,14,23,0,0,0,0,0
1430599826.89404,pg_catalog,pg_event_trigger,3,0,27,0,0,0,0,0,0,0,0,0,2,25,,,,
1430599826.89404,pg_catalog,pg_user_mapping,3,0,0,0,0,0,0,0,0,0,0,0,0,0,,,,
1430599826.89404,pg_catalog,pg_inherits,3,0,84,0,0,0,0,0,0,0,0,0,2,82,,,,
1430599826.89404,pg_toast,pg_toast_3596,0,0,0,0,0,0,0,0,0,0,0,0,0,0,,,,
1430599826.89404,pg_catalog,pg_rewrite,3,327,51,51,0,0,0,0,109,0,57,38,14,74,87,46,32,210
1430599826.89404,pg_catalog,pg_foreign_data_wrapper,3,0,0,0,0,0,0,0,0,0,0,0,0,0,,,,
1430599826.89404,pg_catalog,pg_largeobject_metadata,2,0,0,0,0,0,0,0,0,0,0,0,0,0,,,,
1430599826.89404,pg_catalog,pg_opclass,11,392,803,10732,0,0,0,0,128,0,46,3877,59,938,,,,
1430599826.89404,pg_catalog,pg_attrdef,3,0,0,0,0,0,0,0,0,0,0,0,0,0,0,0,0,0
1430599826.89404,pg_catalog,pg_default_acl,3,0,59,0,0,0,0,0,0,0,0,0,2,57,,,,
1430599826.89404,pg_catalog,pg_aggregate,2,266,49,49,0,0,0,0,133,0,11,44,14,64,,,,
1430599826.89404,pg_toast,pg_toast_12329,0,0,0,0,0,0,0,0,0,0,0,0,0,0,,,,
1430599826.89404,pg_catalog,pg_ts_dict,3,48,0,0,0,0,0,0,16,0,2,2,0,0,,,,
1430599826.89404,pg_catalog,pg_index,69,4831,2530,3056,27,0,17,0,123,17,54,2711,72,2763,,,,
1430599826.89404,pg_catalog,pg_tablespace,69,138,3624,3624,0,0,0,0,2,0,56,3648,109,7175,,,,
1430599826.89404,pg_toast,pg_toast_2619,0,0,1481,4335,214,0,118,0,118,85,169,2418,15,1734,,,,
1430599826.89404,pg_catalog,pg_constraint,5,50,8,0,8,0,0,0,10,0,6,33,8,64,0,0,0,0
1430599826.89404,pg_toast,pg_toast_2618,0,0,97,305,0,0,0,0,0,0,87,46,16,105,,,,
1430599826.89404,pg_catalog,pg_cast,3,594,5163,1117,0,0,0,0,198,0,20,1105,26,5224,,,,
1430599826.89404,pg_catalog,pg_ts_config,3,48,0,0,0,0,0,0,16,0,2,2,0,0,,,,
1430599826.89404,pg_catalog,pg_ts_parser,3,3,0,0,0,0,0,0,1,0,2,2,0,0,,,,
1430599826.89404,pg_toast,pg_toast_2620,0,0,0,0,0,0,0,0,0,0,0,0,0,0,,,,
1430599826.89404,pg_toast,pg_toast_2396,0,0,0,0,0,0,0,0,0,0,0,0,0,0,,,,
1430599826.89404,pg_catalog,pg_largeobject,2,0,0,0,0,0,0,0,0,0,0,0,0,0,,,,
1430599826.89404,pg_catalog,pg_enum,4,0,0,0,0,0,0,0,0,0,0,0,0,0,,,,
1430599826.89404,pg_catalog,pg_foreign_table,2,0,0,0,0,0,0,0,0,0,0,0,0,0,,,,
1430599826.89404,pg_catalog,pg_collation,3,1806,0,0,0,0,0,0,602,0,38,38,0,0,,,,
1430599826.89404,public,new_order,4,72000,299140,285413,186946,0,134630,0,50460,40999,5531,15951364,3580,2462681,,,,
1430599826.89404,pg_catalog,pg_am,147,159,0,0,0,0,0,0,5,0,13,135,0,0,,,,
1430599826.89404,pg_catalog,pg_proc,3,8073,1575,2116,6,0,0,0,2691,0,246,1867,105,3273,0,0,0,0
1430599826.89404,pg_catalog,pg_shdepend,33,33,3742,936,0,0,0,0,1,0,23,957,92,3894,,,,
1430599826.89404,public,history,1,60000,,,221316,0,0,0,219708,0,6223,166982,,,,,,
1430599826.89404,pg_catalog,pg_language,4,16,10,10,0,0,0,0,4,0,2,13,4,18,,,,
1430599826.89404,pg_catalog,pg_range,2,12,2,0,0,0,0,0,6,0,2,1,2,2,,,,
1430599826.89404,pg_catalog,pg_attribute,48,7942,7285,26176,1401,20,1219,1,2491,0,441,12207,160,20374,,,,
1430599826.89404,public,item,4,400000,1772130,1770420,100000,0,0,0,100000,0,81374,1699412,6656,3546010,,,,
1430599826.89404,pg_catalog,pg_database,2132,8299,63932,63908,12,0,11,0,4,0,30,66066,287,76453,,,,
1430599826.89404,pg_catalog,pg_conversion,4,528,0,0,0,0,0,0,132,0,6,9,0,0,,,,
1430599826.89404,pg_catalog,pg_type,3,1093,2767,2408,173,0,151,0,361,0,73,2770,60,6169,,,,
1430599826.89404,public,order_line,4,2274320,328946,3739895,2338998,1549520,0,715741,2322720,1063960,124725,7379368,41289,8834954,,,,
1430599826.89404,pg_catalog,pg_trigger,4,0,0,0,0,0,0,0,0,0,0,0,0,0,0,0,0,0
1430599826.89404,public,stock,4,800000,4032961,3562832,200000,1770418,0,0,177132,1120366,784938,13293525,81464,17529605,,,,
1430599826.89404,public,warehouse,34409,52108,465528,465528,2,161316,0,158231,0,12930,1873,16238855,12,810292,,,,
1430599826.89404,information_schema,sql_implementation_info,1,12,,,0,0,0,0,12,0,2,0,,,0,0,0,0
1430599826.89404,information_schema,sql_languages,1,4,,,0,0,0,0,4,0,2,0,,,0,0,0,0
1430599826.89404,pg_toast,pg_toast_12309,0,0,0,0,0,0,0,0,0,0,0,0,0,0,,,,
1430599826.89404,pg_toast,pg_toast_12334,0,0,0,0,0,0,0,0,0,0,0,0,0,0,,,,
1430599826.89404,pg_catalog,pg_amop,4,1744,918,1165,0,0,0,0,436,0,46,1139,88,1916,,,,
1430599826.89404,pg_toast,pg_toast_1255,0,0,0,0,0,0,0,0,0,0,0,0,0,0,,,,
1430599826.89404,pg_toast,pg_toast_12314,0,0,0,0,0,0,0,0,0,0,0,0,0,0,,,,
1430599826.89404,pg_toast,pg_toast_12324,0,0,0,0,0,0,0,0,0,0,0,0,0,0,,,,
1430599826.89404,pg_catalog,pg_amproc,11,1048,579,872,0,0,0,0,344,0,29,564,51,1240,,,,
1430599826.89404,pg_toast,pg_toast_2964,0,0,0,0,0,0,0,0,0,0,0,0,0,0,,,,
1430599826.89404,pg_catalog,pg_ts_template,3,15,0,0,0,0,0,0,5,0,2,2,0,0,,,,
1430599826.89404,pg_catalog,pg_db_role_setting,33,0,25600,0,0,0,0,0,0,0,0,0,68,25532,0,0,0,0
1430599826.89404,pg_toast,pg_toast_2609,0,0,0,0,0,0,0,0,0,0,0,0,0,0,,,,
1430599826.89404,information_schema,sql_parts,1,9,,,0,0,0,0,9,0,2,0,,,0,0,0,0
1430599826.89404,pg_catalog,pg_class,140,19132,9283,8274,122,324,101,69,316,0,160,10531,133,15247,,,,
1430599826.89404,pg_catalog,pg_seclabel,2,0,252,0,0,0,0,0,0,0,0,0,2,250,0,0,0,0
1430599826.89404,pg_catalog,pg_ts_config_map,2,608,0,0,0,0,0,0,304,0,4,2,0,0,,,,
1430599826.89404,information_schema,sql_sizing,1,23,,,0,0,0,0,23,0,2,0,,,0,0,0,0
1430599826.89404,pg_toast,pg_toast_12339,0,0,0,0,0,0,0,0,0,0,0,0,0,0,,,,
1430599826.89404,information_schema,sql_packages,1,10,,,0,0,0,0,10,0,2,0,,,0,0,0,0
1430599826.89404,public,district,267516,5006820,446866,446866,20,330262,0,325297,0,25450,3627,47940994,15,1019002,,,,
1430599826.89404,pg_toast,pg_toast_2606,0,0,0,0,0,0,0,0,0,0,0,0,0,0,,,,
1430599826.89404,pg_catalog,pg_pltemplate,22,176,0,0,0,0,0,0,8,0,22,11,0,0,,,,
1430599826.89404,pg_catalog,pg_auth_members,33,0,0,0,0,0,0,0,0,0,0,0,0,0,,,,
1430599826.89404,pg_catalog,pg_depend,3,20120,2731,2507,348,0,256,0,6672,256,103,3172,39,6884,,,,
1430599826.89404,pg_toast,pg_toast_2604,0,0,0,0,0,0,0,0,0,0,0,0,0,0,,,,
1430599826.89404,pg_catalog,pg_shseclabel,22,0,11,0,0,0,0,0,0,0,0,0,11,0,,,,
1430599826.89404,information_schema,sql_features,1,672,,,0,0,0,0,672,0,14,0,,,0,0,0,0
1430599826.89404,pg_toast,pg_toast_12319,0,0,0,0,0,0,0,0,0,0,0,0,0,0,,,,
1430599826.89404,pg_catalog,pg_description,2,7372,252,0,0,0,0,0,3686,0,64,32,6,501,0,0,0,0
1430599826.89404,pg_catalog,pg_namespace,19,114,1208,1081,0,0,0,0,6,0,14,1087,44,1323,,,,
1430599826.89404,public,orders,6,360000,313999,403626,228946,149570,0,92188,225170,43978,85172,797600,86534,2227419,,,,
1430599826.89404,information_schema,sql_sizing_profiles,1,0,,,0,0,0,0,0,0,0,0,,,0,0,0,0
1430599826.89404,pg_catalog,pg_foreign_server,3,0,0,0,0,0,0,0,0,0,0,0,0,0,,,,
1430599886.91639,pg_catalog,pg_operator,3,2295,987,5457,0,0,0,0,765,0,86,3820,86,2082,,,,
1430599886.91639,pg_catalog,pg_extension,3,3,0,0,0,0,0,0,1,0,2,2,0,0,,,,
1430599886.91639,pg_catalog,pg_authid,411,411,9597,9597,0,0,0,0,1,0,69,9950,234,18960,,,,
1430599886.91639,public,customer,6,360000,877958,2221457,60000,357886,0,288008,56295,33503,694126,2761381,115514,2970966,,,,
1430599886.91639,pg_catalog,pg_statistic,2,798,6046,5817,92,650,0,260,491,47,301,7445,85,13125,192,2745,17,1881
1430599886.91639,pg_catalog,pg_opfamily,3,258,0,0,0,0,0,0,86,0,4,4,0,0,,,,
1430599886.91639,pg_catalog,pg_shdescription,26,75,11,0,0,0,0,0,3,0,23,14,23,0,0,0,0,0
1430599886.91639,pg_catalog,pg_event_trigger,3,0,27,0,0,0,0,0,0,0,0,0,2,25,,,,
1430599886.91639,pg_catalog,pg_user_mapping,3,0,0,0,0,0,0,0,0,0,0,0,0,0,,,,
1430599886.91639,pg_catalog,pg_inherits,3,0,84,0,0,0,0,0,0,0,0,0,2,82,,,,
1430599886.91639,pg_toast,pg_toast_3596,0,0,0,0,0,0,0,0,0,0,0,0,0,0,,,,
1430599886.91639,pg_catalog,pg_rewrite,3,327,59,59,0,0,0,0,109,0,63,40,16,86,94,47,36,226
1430599886.91639,pg_catalog,pg_foreign_data_wrapper,3,0,0,0,0,0,0,0,0,0,0,0,0,0,,,,
1430599886.91639,pg_catalog,pg_largeobject_metadata,2,0,0,0,0,0,0,0,0,0,0,0,0,0,,,,
1430599886.91639,pg_catalog,pg_opclass,11,392,839,11193,0,0,0,0,128,0,57,4026,71,974,,,,
1430599886.91639,pg_catalog,pg_attrdef,3,0,0,0,0,0,0,0,0,0,0,0,0,0,0,0,0,0
1430599886.91639,pg_catalog,pg_default_acl,3,0,59,0,0,0,0,0,0,0,0,0,2,57,,,,
1430599886.91639,pg_catalog,pg_aggregate,2,266,50,50,0,0,0,0,133,0,12,44,16,64,,,,
1430599886.91639,pg_toast,pg_toast_12329,0,0,0,0,0,0,0,0,0,0,0,0,0,0,,,,
1430599886.91639,pg_catalog,pg_ts_dict,3,48,0,0,0,0,0,0,16,0,2,2,0,0,,,,
1430599886.91639,pg_catalog,pg_index,74,5446,2733,3296,27,0,17,0,123,17,64,2919,86,2967,,,,
1430599886.91639,pg_catalog,pg_tablespace,69,138,3634,3634,0,0,0,0,2,0,58,3656,113,7191,,,,
1430599886.91639,pg_toast,pg_toast_2619,0,0,1600,4999,243,0,160,0,105,127,192,2745,17,1881,,,,
1430599886.91639,pg_catalog,pg_constraint,5,50,8,0,8,0,0,0,10,0,6,33,8,64,0,0,0,0
1430599886.91639,pg_toast,pg_toast_2618,0,0,103,323,0,0,0,0,0,0,94,47,18,113,,,,
1430599886.91639,pg_catalog,pg_cast,3,594,5353,1170,0,0,0,0,198,0,24,1154,31,5416,,,,
1430599886.91639,pg_catalog,pg_ts_config,3,48,0,0,0,0,0,0,16,0,2,2,0,0,,,,
1430599886.91639,pg_catalog,pg_ts_parser,3,3,0,0,0,0,0,0,1,0,2,2,0,0,,,,
1430599886.91639,pg_toast,pg_toast_2620,0,0,0,0,0,0,0,0,0,0,0,0,0,0,,,,
1430599886.91639,pg_toast,pg_toast_2396,0,0,0,0,0,0,0,0,0,0,0,0,0,0,,,,
1430599886.91639,pg_catalog,pg_largeobject,2,0,0,0,0,0,0,0,0,0,0,0,0,0,,,,
1430599886.91639,pg_catalog,pg_enum,4,0,0,0,0,0,0,0,0,0,0,0,0,0,,,,
1430599886.91639,pg_catalog,pg_foreign_table,2,0,0,0,0,0,0,0,0,0,0,0,0,0,,,,
1430599886.91639,pg_catalog,pg_collation,3,1806,0,0,0,0,0,0,602,0,38,38,0,0,,,,
1430599886.91639,public,new_order,4,72000,343920,328016,212783,0,154680,0,56069,17540,6930,17533231,4389,2837763,,,,
1430599886.91639,pg_catalog,pg_am,155,167,0,0,0,0,0,0,5,0,15,141,0,0,,,,
1430599886.91639,pg_catalog,pg_proc,3,8073,1659,2242,6,0,0,0,2691,0,259,1956,117,3441,0,0,0,0
1430599886.91639,pg_catalog,pg_shdepend,33,33,3742,936,0,0,0,0,1,0,23,957,92,3894,,,,
1430599886.91639,public,history,1,60000,,,245926,0,0,0,244318,0,6501,192148,,,,,,
1430599886.91639,pg_catalog,pg_language,4,16,10,10,0,0,0,0,4,0,2,13,4,18,,,,
1430599886.91639,pg_catalog,pg_range,2,12,2,0,0,0,0,0,6,0,2,1,2,2,,,,
1430599886.91639,pg_catalog,pg_attribute,48,7942,7751,28154,1401,20,1219,1,2491,0,478,12787,181,21295,,,,
1430599886.91639,public,item,4,400000,2044381,2042424,100000,0,0,0,100000,0,92828,1959962,7102,4091349,,,,
1430599886.91639,pg_catalog,pg_database,2136,8315,64023,63999,12,0,11,0,4,0,33,66158,300,76555,,,,
1430599886.91639,pg_catalog,pg_conversion,4,528,0,0,0,0,0,0,132,0,6,9,0,0,,,,
1430599886.91639,pg_catalog,pg_type,3,1093,2882,2523,173,0,151,0,361,0,81,2877,68,6398,,,,
1430599886.91639,public,order_line,4,2274320,378271,4301558,2611002,1785076,0,864391,2592416,1189768,140645,8327687,47957,10063959,,,,
1430599886.91639,pg_catalog,pg_trigger,4,0,0,0,0,0,0,0,0,0,0,0,0,0,0,0,0,0
1430599886.91639,public,stock,4,800000,4643519,4109698,200000,2042422,0,0,177132,1392370,902824,14964743,90959,20228216,,,,
1430599886.91639,public,warehouse,34409,52108,540585,540585,2,185926,0,182371,1,420,2082,17964764,13,1036895,,,,
1430599886.91639,information_schema,sql_implementation_info,1,12,,,0,0,0,0,12,0,2,0,,,0,0,0,0
1430599886.91639,information_schema,sql_languages,1,4,,,0,0,0,0,4,0,2,0,,,0,0,0,0
1430599886.91639,pg_toast,pg_toast_12309,0,0,0,0,0,0,0,0,0,0,0,0,0,0,,,,
1430599886.91639,pg_toast,pg_toast_12334,0,0,0,0,0,0,0,0,0,0,0,0,0,0,,,,
1430599886.91639,pg_catalog,pg_amop,4,1744,981,1239,0,0,0,0,436,0,54,1205,103,2039,,,,
1430599886.91639,pg_toast,pg_toast_1255,0,0,0,0,0,0,0,0,0,0,0,0,0,0,,,,
1430599886.91639,pg_toast,pg_toast_12314,0,0,0,0,0,0,0,0,0,0,0,0,0,0,,,,
1430599886.91639,pg_toast,pg_toast_12324,0,0,0,0,0,0,0,0,0,0,0,0,0,0,,,,
1430599886.91639,pg_catalog,pg_amproc,11,1048,612,916,0,0,0,0,344,0,33,590,61,1304,,,,
1430599886.91639,pg_toast,pg_toast_2964,0,0,0,0,0,0,0,0,0,0,0,0,0,0,,,,
1430599886.91639,pg_catalog,pg_ts_template,3,15,0,0,0,0,0,0,5,0,2,2,0,0,,,,
1430599886.91639,pg_catalog,pg_db_role_setting,33,0,25648,0,0,0,0,0,0,0,0,0,71,25577,0,0,0,0
1430599886.91639,pg_toast,pg_toast_2609,0,0,0,0,0,0,0,0,0,0,0,0,0,0,,,,
1430599886.91639,information_schema,sql_parts,1,9,,,0,0,0,0,9,0,2,0,,,0,0,0,0
1430599886.91639,pg_catalog,pg_class,150,21993,10115,8983,122,324,101,69,316,0,190,11304,154,16225,,,,
1430599886.91639,pg_catalog,pg_seclabel,2,0,252,0,0,0,0,0,0,0,0,0,2,250,0,0,0,0
1430599886.91639,pg_catalog,pg_ts_config_map,2,608,0,0,0,0,0,0,304,0,4,2,0,0,,,,
1430599886.91639,information_schema,sql_sizing,1,23,,,0,0,0,0,23,0,2,0,,,0,0,0,0
1430599886.91639,pg_toast,pg_toast_12339,0,0,0,0,0,0,0,0,0,0,0,0,0,0,,,,
1430599886.91639,information_schema,sql_packages,1,10,,,0,0,0,0,10,0,2,0,,,0,0,0,0
1430599886.91639,public,district,267516,5006820,552818,552818,20,380709,0,375334,0,303,5948,48929808,16,1273708,,,,
1430599886.91639,pg_toast,pg_toast_2606,0,0,0,0,0,0,0,0,0,0,0,0,0,0,,,,
1430599886.91639,pg_catalog,pg_pltemplate,22,176,0,0,0,0,0,0,8,0,22,11,0,0,,,,
1430599886.91639,pg_catalog,pg_auth_members,33,0,0,0,0,0,0,0,0,0,0,0,0,0,,,,
1430599886.91639,pg_catalog,pg_depend,3,20120,2731,2507,348,0,256,0,6672,256,103,3172,39,6884,,,,
1430599886.91639,pg_toast,pg_toast_2604,0,0,0,0,0,0,0,0,0,0,0,0,0,0,,,,
1430599886.91639,pg_catalog,pg_shseclabel,22,0,11,0,0,0,0,0,0,0,0,0,11,0,,,,
1430599886.91639,information_schema,sql_features,1,672,,,0,0,0,0,672,0,14,0,,,0,0,0,0
1430599886.91639,pg_toast,pg_toast_12319,0,0,0,0,0,0,0,0,0,0,0,0,0,0,,,,
1430599886.91639,pg_catalog,pg_description,2,7372,252,0,0,0,0,0,3686,0,64,32,6,501,0,0,0,0
1430599886.91639,pg_catalog,pg_namespace,21,126,1350,1217,0,0,0,0,6,0,16,1223,50,1468,,,,
1430599886.91639,public,orders,6,360000,361124,481607,254783,171960,0,109257,250760,48207,110331,915185,108594,2535595,,,,
1430599886.91639,information_schema,sql_sizing_profiles,1,0,,,0,0,0,0,0,0,0,0,,,0,0,0,0
1430599886.91639,pg_catalog,pg_foreign_server,3,0,0,0,0,0,0,0,0,0,0,0,0,0,,,,
1430599946.93746,pg_catalog,pg_operator,3,2295,1003,5473,0,0,0,0,765,0,89,3833,92,2115,,,,
1430599946.93746,pg_catalog,pg_extension,3,3,0,0,0,0,0,0,1,0,2,2,0,0,,,,
1430599946.93746,pg_catalog,pg_authid,411,411,9597,9597,0,0,0,0,1,0,69,9950,234,18960,,,,
1430599946.93746,public,customer,6,360000,972590,2462449,60000,396749,0,315279,56295,59296,790334,3068397,131646,3311945,,,,
1430599946.93746,pg_catalog,pg_statistic,2,798,6067,5834,92,650,0,260,491,43,305,7458,86,13170,192,2745,17,1881
1430599946.93746,pg_catalog,pg_opfamily,3,258,0,0,0,0,0,0,86,0,4,4,0,0,,,,
1430599946.93746,pg_catalog,pg_shdescription,26,75,11,0,0,0,0,0,3,0,23,14,23,0,0,0,0,0
1430599946.93746,pg_catalog,pg_event_trigger,3,0,27,0,0,0,0,0,0,0,0,0,2,25,,,,
1430599946.93746,pg_catalog,pg_user_mapping,3,0,0,0,0,0,0,0,0,0,0,0,0,0,,,,
1430599946.93746,pg_catalog,pg_inherits,3,0,84,0,0,0,0,0,0,0,0,0,2,82,,,,
1430599946.93746,pg_toast,pg_toast_3596,0,0,0,0,0,0,0,0,0,0,0,0,0,0,,,,
1430599946.93746,pg_catalog,pg_rewrite,3,327,65,65,0,0,0,0,109,0,67,42,18,94,99,48,40,234
1430599946.93746,pg_catalog,pg_foreign_data_wrapper,3,0,0,0,0,0,0,0,0,0,0,0,0,0,,,,
1430599946.93746,pg_catalog,pg_largeobject_metadata,2,0,0,0,0,0,0,0,0,0,0,0,0,0,,,,
1430599946.93746,pg_catalog,pg_opclass,11,392,853,11374,0,0,0,0,128,0,60,4089,75,991,,,,
1430599946.93746,pg_catalog,pg_attrdef,3,0,0,0,0,0,0,0,0,0,0,0,0,0,0,0,0,0
1430599946.93746,pg_catalog,pg_default_acl,3,0,59,0,0,0,0,0,0,0,0,0,2,57,,,,
1430599946.93746,pg_catalog,pg_aggregate,2,266,51,51,0,0,0,0,133,0,13,44,18,64,,,,
1430599946.93746,pg_toast,pg_toast_12329,0,0,0,0,0,0,0,0,0,0,0,0,0,0,,,,
1430599946.93746,pg_catalog,pg_ts_dict,3,48,0,0,0,0,0,0,16,0,2,2,0,0,,,,
1430599946.93746,pg_catalog,pg_index,79,6061,2784,3358,27,0,17,0,123,17,68,2981,91,3021,,,,
1430599946.93746,pg_catalog,pg_tablespace,69,138,3634,3634,0,0,0,0,2,0,58,3656,113,7191,,,,
1430599946.93746,pg_toast,pg_toast_2619,0,0,1600,4999,243,0,160,0,105,127,192,2745,17,1881,,,,
1430599946.93746,pg_catalog,pg_constraint,5,50,8,0,8,0,0,0,10,0,6,33,8,64,0,0,0,0
1430599946.93746,pg_toast,pg_toast_2618,0,0,107,337,0,0,0,0,0,0,99,48,20,117,,,,
1430599946.93746,pg_catalog,pg_cast,3,594,5415,1193,0,0,0,0,198,0,25,1176,33,5480,,,,
1430599946.93746,pg_catalog,pg_ts_config,3,48,0,0,0,0,0,0,16,0,2,2,0,0,,,,
1430599946.93746,pg_catalog,pg_ts_parser,3,3,0,0,0,0,0,0,1,0,2,2,0,0,,,,
1430599946.93746,pg_toast,pg_toast_2620,0,0,0,0,0,0,0,0,0,0,0,0,0,0,,,,
1430599946.93746,pg_toast,pg_toast_2396,0,0,0,0,0,0,0,0,0,0,0,0,0,0,,,,
1430599946.93746,pg_catalog,pg_largeobject,2,0,0,0,0,0,0,0,0,0,0,0,0,0,,,,
1430599946.93746,pg_catalog,pg_enum,4,0,0,0,0,0,0,0,0,0,0,0,0,0,,,,
1430599946.93746,pg_catalog,pg_foreign_table,2,0,0,0,0,0,0,0,0,0,0,0,0,0,,,,
1430599946.93746,pg_catalog,pg_collation,3,1806,0,0,0,0,0,0,602,0,38,38,0,0,,,,
1430599946.93746,public,new_order,4,72000,381740,363788,233538,0,171410,0,59866,34498,7169,23014201,4655,3210417,,,,
1430599946.93746,pg_catalog,pg_am,159,171,0,0,0,0,0,0,5,0,16,144,0,0,,,,
1430599946.93746,pg_catalog,pg_proc,3,8073,1731,2342,6,0,0,0,2691,0,272,2027,129,3581,0,0,0,0
1430599946.93746,pg_catalog,pg_shdepend,33,33,3742,936,0,0,0,0,1,0,23,957,92,3894,,,,
1430599946.93746,public,history,1,60000,,,265879,0,0,0,264271,0,6730,212559,,,,,,
1430599946.93746,pg_catalog,pg_language,4,16,10,10,0,0,0,0,4,0,2,13,4,18,,,,
1430599946.93746,pg_catalog,pg_range,2,12,2,0,0,0,0,0,6,0,2,1,2,2,,,,
1430599946.93746,pg_catalog,pg_attribute,48,7942,7967,28707,1401,20,1219,1,2491,0,492,13010,190,21724,,,,
1430599946.93746,public,item,4,400000,2262148,2259963,100000,0,0,0,100000,0,104304,2166025,7625,4527400,,,,
1430599946.93746,pg_catalog,pg_database,2136,8315,64023,63999,12,0,11,0,4,0,33,66158,300,76555,,,,
1430599946.93746,pg_catalog,pg_conversion,4,528,0,0,0,0,0,0,132,0,6,9,0,0,,,,
1430599946.93746,pg_catalog,pg_type,3,1093,2958,2599,173,0,151,0,361,0,85,2949,71,6551,,,,
1430599946.93746,public,order_line,4,2274320,419834,4774762,2828541,1982925,0,898024,1251055,239767,161913,9523826,53905,11338501,,,,
1430599946.93746,pg_catalog,pg_trigger,4,0,0,0,0,0,0,0,0,0,0,0,0,0,0,0,0,0
1430599946.93746,public,stock,4,800000,5136879,4547270,200000,2259961,0,0,177132,1609909,997546,18179858,101316,22398633,,,,
1430599946.93746,public,warehouse,34409,52108,601246,601246,2,205879,0,201945,1,17356,2374,22559759,13,1220015,,,,
1430599946.93746,information_schema,sql_implementation_info,1,12,,,0,0,0,0,12,0,2,0,,,0,0,0,0
1430599946.93746,information_schema,sql_languages,1,4,,,0,0,0,0,4,0,2,0,,,0,0,0,0
1430599946.93746,pg_toast,pg_toast_12309,0,0,0,0,0,0,0,0,0,0,0,0,0,0,,,,
1430599946.93746,pg_toast,pg_toast_12334,0,0,0,0,0,0,0,0,0,0,0,0,0,0,,,,
1430599946.93746,pg_catalog,pg_amop,4,1744,1008,1272,0,0,0,0,436,0,56,1236,109,2093,,,,
1430599946.93746,pg_toast,pg_toast_1255,0,0,0,0,0,0,0,0,0,0,0,0,0,0,,,,
1430599946.93746,pg_toast,pg_toast_12314,0,0,0,0,0,0,0,0,0,0,0,0,0,0,,,,
1430599946.93746,pg_toast,pg_toast_12324,0,0,0,0,0,0,0,0,0,0,0,0,0,0,,,,
1430599946.93746,pg_catalog,pg_amproc,11,1048,624,934,0,0,0,0,344,0,34,601,64,1329,,,,
1430599946.93746,pg_toast,pg_toast_2964,0,0,0,0,0,0,0,0,0,0,0,0,0,0,,,,
1430599946.93746,pg_catalog,pg_ts_template,3,15,0,0,0,0,0,0,5,0,2,2,0,0,,,,
1430599946.93746,pg_catalog,pg_db_role_setting,33,0,25648,0,0,0,0,0,0,0,0,0,71,25577,0,0,0,0
1430599946.93746,pg_toast,pg_toast_2609,0,0,0,0,0,0,0,0,0,0,0,0,0,0,,,,
1430599946.93746,information_schema,sql_parts,1,9,,,0,0,0,0,9,0,2,0,,,0,0,0,0
1430599946.93746,pg_catalog,pg_class,156,23889,10487,9232,122,324,101,69,316,0,198,11594,163,16627,,,,
1430599946.93746,pg_catalog,pg_seclabel,2,0,252,0,0,0,0,0,0,0,0,0,2,250,0,0,0,0
1430599946.93746,pg_catalog,pg_ts_config_map,2,608,0,0,0,0,0,0,304,0,4,2,0,0,,,,
1430599946.93746,information_schema,sql_sizing,1,23,,,0,0,0,0,23,0,2,0,,,0,0,0,0
1430599946.93746,pg_toast,pg_toast_12339,0,0,0,0,0,0,0,0,0,0,0,0,0,0,,,,
1430599946.93746,information_schema,sql_packages,1,10,,,0,0,0,0,10,0,2,0,,,0,0,0,0
1430599946.93746,public,district,267516,5006820,638599,638599,20,421417,0,414660,0,35222,6527,51671805,16,1482483,,,,
1430599946.93746,pg_toast,pg_toast_2606,0,0,0,0,0,0,0,0,0,0,0,0,0,0,,,,
1430599946.93746,pg_catalog,pg_pltemplate,22,176,0,0,0,0,0,0,8,0,22,11,0,0,,,,
1430599946.93746,pg_catalog,pg_auth_members,33,0,0,0,0,0,0,0,0,0,0,0,0,0,,,,
1430599946.93746,pg_catalog,pg_depend,3,20120,2731,2507,348,0,256,0,6672,256,103,3172,39,6884,,,,
1430599946.93746,pg_toast,pg_toast_2604,0,0,0,0,0,0,0,0,0,0,0,0,0,0,,,,
1430599946.93746,pg_catalog,pg_shseclabel,22,0,11,0,0,0,0,0,0,0,0,0,11,0,,,,
1430599946.93746,information_schema,sql_features,1,672,,,0,0,0,0,672,0,14,0,,,0,0,0,0
1430599946.93746,pg_toast,pg_toast_12319,0,0,0,0,0,0,0,0,0,0,0,0,0,0,,,,
1430599946.93746,pg_catalog,pg_description,2,7372,252,0,0,0,0,0,3686,0,64,32,6,501,0,0,0,0
1430599946.93746,pg_catalog,pg_namespace,23,138,1485,1348,0,0,0,0,6,0,17,1355,54,1605,,,,
1430599946.93746,public,orders,6,360000,400816,547608,275538,190870,0,113558,271287,64977,133955,1034628,132143,2844988,,,,
1430599946.93746,information_schema,sql_sizing_profiles,1,0,,,0,0,0,0,0,0,0,0,,,0,0,0,0
1430599946.93746,pg_catalog,pg_foreign_server,3,0,0,0,0,0,0,0,0,0,0,0,0,0,,,,
1430600006.94646,pg_catalog,pg_operator,3,2295,1020,5490,0,0,0,0,765,0,92,3847,98,2151,,,,
1430600006.94646,pg_catalog,pg_extension,3,3,0,0,0,0,0,0,1,0,2,2,0,0,,,,
1430600006.94646,pg_catalog,pg_authid,411,411,9597,9597,0,0,0,0,1,0,69,9950,234,18960,,,,
1430600006.94646,public,customer,6,360000,1033373,2616372,60000,421463,0,319951,59996,22322,935518,3404448,159787,3588929,,,,
1430600006.94646,pg_catalog,pg_statistic,2,798,6092,5853,92,650,0,260,491,43,311,7471,90,13221,192,2745,17,1881
1430600006.94646,pg_catalog,pg_opfamily,3,258,0,0,0,0,0,0,86,0,4,4,0,0,,,,
1430600006.94646,pg_catalog,pg_shdescription,26,75,11,0,0,0,0,0,3,0,23,14,23,0,0,0,0,0
1430600006.94646,pg_catalog,pg_event_trigger,3,0,27,0,0,0,0,0,0,0,0,0,2,25,,,,
1430600006.94646,pg_catalog,pg_user_mapping,3,0,0,0,0,0,0,0,0,0,0,0,0,0,,,,
1430600006.94646,pg_catalog,pg_inherits,3,0,84,0,0,0,0,0,0,0,0,0,2,82,,,,
1430600006.94646,pg_toast,pg_toast_3596,0,0,0,0,0,0,0,0,0,0,0,0,0,0,,,,
1430600006.94646,pg_catalog,pg_rewrite,3,327,72,72,0,0,0,0,109,0,72,44,20,104,105,49,44,246
1430600006.94646,pg_catalog,pg_foreign_data_wrapper,3,0,0,0,0,0,0,0,0,0,0,0,0,0,,,,
1430600006.94646,pg_catalog,pg_largeobject_metadata,2,0,0,0,0,0,0,0,0,0,0,0,0,0,,,,
1430600006.94646,pg_catalog,pg_opclass,11,392,869,11557,0,0,0,0,128,0,63,4154,79,1011,,,,
1430600006.94646,pg_catalog,pg_attrdef,3,0,0,0,0,0,0,0,0,0,0,0,0,0,0,0,0,0
1430600006.94646,pg_catalog,pg_default_acl,3,0,59,0,0,0,0,0,0,0,0,0,2,57,,,,
1430600006.94646,pg_catalog,pg_aggregate,2,266,52,52,0,0,0,0,133,0,14,44,20,64,,,,
1430600006.94646,pg_toast,pg_toast_12329,0,0,0,0,0,0,0,0,0,0,0,0,0,0,,,,
1430600006.94646,pg_catalog,pg_ts_dict,3,48,0,0,0,0,0,0,16,0,2,2,0,0,,,,
1430600006.94646,pg_catalog,pg_index,84,6676,2841,3448,27,0,17,0,123,17,72,3049,96,3083,,,,
1430600006.94646,pg_catalog,pg_tablespace,69,138,3634,3634,0,0,0,0,2,0,58,3656,113,7191,,,,
1430600006.94646,pg_toast,pg_toast_2619,0,0,1600,4999,243,0,160,0,105,127,192,2745,17,1881,,,,
1430600006.94646,pg_catalog,pg_constraint,5,50,8,0,8,0,0,0,10,0,6,33,8,64,0,0,0,0
1430600006.94646,pg_toast,pg_toast_2618,0,0,112,353,0,0,0,0,0,0,105,49,22,123,,,,
1430600006.94646,pg_catalog,pg_cast,3,594,5484,1221,0,0,0,0,198,0,26,1203,35,5552,,,,
1430600006.94646,pg_catalog,pg_ts_config,3,48,0,0,0,0,0,0,16,0,2,2,0,0,,,,
1430600006.94646,pg_catalog,pg_ts_parser,3,3,0,0,0,0,0,0,1,0,2,2,0,0,,,,
1430600006.94646,pg_toast,pg_toast_2620,0,0,0,0,0,0,0,0,0,0,0,0,0,0,,,,
1430600006.94646,pg_toast,pg_toast_2396,0,0,0,0,0,0,0,0,0,0,0,0,0,0,,,,
1430600006.94646,pg_catalog,pg_largeobject,2,0,0,0,0,0,0,0,0,0,0,0,0,0,,,,
1430600006.94646,pg_catalog,pg_enum,4,0,0,0,0,0,0,0,0,0,0,0,0,0,,,,
1430600006.94646,pg_catalog,pg_foreign_table,2,0,0,0,0,0,0,0,0,0,0,0,0,0,,,,
1430600006.94646,pg_catalog,pg_collation,3,1806,0,0,0,0,0,0,602,0,38,38,0,0,,,,
1430600006.94646,public,new_order,4,72000,405380,386006,246961,0,181710,0,62832,44955,7315,33650401,4861,3501070,,,,
1430600006.94646,pg_catalog,pg_am,164,176,0,0,0,0,0,0,5,0,17,148,0,0,,,,
1430600006.94646,pg_catalog,pg_proc,3,8073,1809,2455,6,0,0,0,2691,0,285,2107,141,3735,0,0,0,0
1430600006.94646,pg_catalog,pg_shdepend,33,33,3742,936,0,0,0,0,1,0,23,957,92,3894,,,,
1430600006.94646,public,history,1,60000,,,278773,0,0,0,277165,0,6922,225699,,,,,,
1430600006.94646,pg_catalog,pg_language,4,16,10,10,0,0,0,0,4,0,2,13,4,18,,,,
1430600006.94646,pg_catalog,pg_range,2,12,2,0,0,0,0,0,6,0,2,1,2,2,,,,
1430600006.94646,pg_catalog,pg_attribute,48,7942,8223,29603,1401,20,1219,1,2491,0,507,13273,197,22236,,,,
1430600006.94646,public,item,4,400000,2403030,2400688,100000,0,0,0,100000,0,127896,2283158,10419,4807034,,,,
1430600006.94646,pg_catalog,pg_database,2136,8315,64023,63999,12,0,11,0,4,0,33,66158,300,76555,,,,
1430600006.94646,pg_catalog,pg_conversion,4,528,0,0,0,0,0,0,132,0,6,9,0,0,,,,
1430600006.94646,pg_catalog,pg_type,3,1093,3050,2691,173,0,151,0,361,0,89,3037,74,6737,,,,
1430600006.94646,public,order_line,4,2274320,445846,5071252,2969266,2106672,0,904696,1390302,361268,174770,10338188,58581,12192217,,,,
1430600006.94646,pg_catalog,pg_trigger,4,0,0,0,0,0,0,0,0,0,0,0,0,0,0,0,0,0
1430600006.94646,public,stock,4,800000,5454980,4830323,200000,2400686,0,0,177132,1750634,1082294,24529924,140531,23770593,,,,
1430600006.94646,public,warehouse,34409,52108,640457,640457,2,218773,0,214603,1,30207,2607,31310218,13,1338356,,,,
1430600006.94646,information_schema,sql_implementation_info,1,12,,,0,0,0,0,12,0,2,0,,,0,0,0,0
1430600006.94646,information_schema,sql_languages,1,4,,,0,0,0,0,4,0,2,0,,,0,0,0,0
1430600006.94646,pg_toast,pg_toast_12309,0,0,0,0,0,0,0,0,0,0,0,0,0,0,,,,
1430600006.94646,pg_toast,pg_toast_12334,0,0,0,0,0,0,0,0,0,0,0,0,0,0,,,,
1430600006.94646,pg_catalog,pg_amop,4,1744,1041,1313,0,0,0,0,436,0,58,1275,115,2161,,,,
1430600006.94646,pg_toast,pg_toast_1255,0,0,0,0,0,0,0,0,0,0,0,0,0,0,,,,
1430600006.94646,pg_toast,pg_toast_12314,0,0,0,0,0,0,0,0,0,0,0,0,0,0,,,,
1430600006.94646,pg_toast,pg_toast_12324,0,0,0,0,0,0,0,0,0,0,0,0,0,0,,,,
1430600006.94646,pg_catalog,pg_amproc,11,1048,639,957,0,0,0,0,344,0,35,615,67,1361,,,,
1430600006.94646,pg_toast,pg_toast_2964,0,0,0,0,0,0,0,0,0,0,0,0,0,0,,,,
1430600006.94646,pg_catalog,pg_ts_template,3,15,0,0,0,0,0,0,5,0,2,2,0,0,,,,
1430600006.94646,pg_catalog,pg_db_role_setting,33,0,25648,0,0,0,0,0,0,0,0,0,71,25577,0,0,0,0
1430600006.94646,pg_toast,pg_toast_2609,0,0,0,0,0,0,0,0,0,0,0,0,0,0,,,,
1430600006.94646,information_schema,sql_parts,1,9,,,0,0,0,0,9,0,2,0,,,0,0,0,0
1430600006.94646,pg_catalog,pg_class,162,25785,10889,9511,122,324,101,69,316,0,207,11913,172,17062,,,,
1430600006.94646,pg_catalog,pg_seclabel,2,0,252,0,0,0,0,0,0,0,0,0,2,250,0,0,0,0
1430600006.94646,pg_catalog,pg_ts_config_map,2,608,0,0,0,0,0,0,304,0,4,2,0,0,,,,
1430600006.94646,information_schema,sql_sizing,1,23,,,0,0,0,0,23,0,2,0,,,0,0,0,0
1430600006.94646,pg_toast,pg_toast_12339,0,0,0,0,0,0,0,0,0,0,0,0,0,0,,,,
1430600006.94646,information_schema,sql_packages,1,10,,,0,0,0,0,10,0,2,0,,,0,0,0,0
1430600006.94646,public,district,267516,5006820,693994,693994,20,447734,0,439867,0,61528,6980,57234618,16,1618077,,,,
1430600006.94646,pg_toast,pg_toast_2606,0,0,0,0,0,0,0,0,0,0,0,0,0,0,,,,
1430600006.94646,pg_catalog,pg_pltemplate,22,176,0,0,0,0,0,0,8,0,22,11,0,0,,,,
1430600006.94646,pg_catalog,pg_auth_members,33,0,0,0,0,0,0,0,0,0,0,0,0,0,,,,
1430600006.94646,pg_catalog,pg_depend,3,20120,2731,2507,348,0,256,0,6672,256,103,3172,39,6884,,,,
1430600006.94646,pg_toast,pg_toast_2604,0,0,0,0,0,0,0,0,0,0,0,0,0,0,,,,
1430600006.94646,pg_catalog,pg_shseclabel,22,0,11,0,0,0,0,0,0,0,0,0,11,0,,,,
1430600006.94646,information_schema,sql_features,1,672,,,0,0,0,0,672,0,14,0,,,0,0,0,0
1430600006.94646,pg_toast,pg_toast_12319,0,0,0,0,0,0,0,0,0,0,0,0,0,0,,,,
1430600006.94646,pg_catalog,pg_description,2,7372,252,0,0,0,0,0,3686,0,64,32,6,501,0,0,0,0
1430600006.94646,pg_catalog,pg_namespace,25,150,1623,1481,0,0,0,0,6,0,18,1489,58,1746,,,,
1430600006.94646,public,orders,6,360000,425670,592146,288961,202690,0,115789,284553,76954,155814,1108462,152886,3037879,,,,
1430600006.94646,information_schema,sql_sizing_profiles,1,0,,,0,0,0,0,0,0,0,0,,,0,0,0,0
1430600006.94646,pg_catalog,pg_foreign_server,3,0,0,0,0,0,0,0,0,0,0,0,0,0,,,,
1430600066.93544,pg_catalog,pg_operator,0,0,2,2,0,0,0,0,0,0,1,1,6,0,,,,
1430600066.93544,pg_catalog,pg_extension,0,0,0,0,0,0,0,0,0,0,0,0,0,0,,,,
1430600066.93544,pg_catalog,pg_authid,416,416,9668,9668,0,0,0,0,1,0,76,10019,256,19080,,,,
1430600066.93544,pg_catalog,pg_statistic,0,0,1,1,0,0,0,0,0,0,1,0,3,0,0,0,0,0
1430600066.93544,pg_catalog,pg_opfamily,0,0,0,0,0,0,0,0,0,0,0,0,0,0,,,,
1430600066.93544,public,history,0,0,,,120000,0,0,0,120000,0,1288,2568,,,,,,
1430600066.93544,pg_catalog,pg_shdescription,26,75,12,0,0,0,0,0,3,0,23,14,25,0,0,0,0,0
1430600066.93544,pg_catalog,pg_event_trigger,0,0,18,0,0,0,0,0,0,0,0,0,1,17,,,,
1430600066.93544,pg_catalog,pg_user_mapping,0,0,0,0,0,0,0,0,0,0,0,0,0,0,,,,
1430600066.93544,pg_catalog,pg_inherits,0,0,0,0,0,0,0,0,0,0,0,0,0,0,,,,
1430600066.93544,pg_toast,pg_toast_3596,0,0,0,0,0,0,0,0,0,0,0,0,0,0,,,,
1430600066.93544,pg_catalog,pg_rewrite,0,0,0,0,0,0,0,0,0,0,0,0,0,0,0,0,0,0
1430600066.93544,public,customer,3,360000,0,0,120000,0,0,0,120000,0,29950,26626,0,0,,,,
1430600066.93544,pg_catalog,pg_foreign_data_wrapper,0,0,0,0,0,0,0,0,0,0,0,0,0,0,,,,
1430600066.93544,pg_catalog,pg_largeobject_metadata,0,0,0,0,0,0,0,0,0,0,0,0,0,0,,,,
1430600066.93544,pg_catalog,pg_opclass,2,2,96,1128,0,0,0,0,0,0,1,385,2,133,,,,
1430600066.93544,pg_catalog,pg_attrdef,0,0,0,0,0,0,0,0,0,0,0,0,0,0,0,0,0,0
1430600066.93544,pg_catalog,pg_default_acl,0,0,36,0,0,0,0,0,0,0,0,0,1,35,,,,
1430600066.93544,pg_catalog,pg_aggregate,0,0,0,0,0,0,0,0,0,0,0,0,0,0,,,,
1430600066.93544,pg_toast,pg_toast_12329,0,0,0,0,0,0,0,0,0,0,0,0,0,0,,,,
1430600066.93544,pg_catalog,pg_ts_dict,0,0,0,0,0,0,0,0,0,0,0,0,0,0,,,,
1430600066.93544,pg_catalog,pg_index,7,7,278,384,9,0,0,0,9,0,7,322,4,341,,,,
1430600066.93544,pg_catalog,pg_tablespace,72,144,3650,3650,0,0,0,0,2,0,62,3671,121,7215,,,,
1430600066.93544,pg_toast,pg_toast_2619,0,0,0,0,0,0,0,0,0,0,0,0,0,0,,,,
1430600066.93544,public,new_order,2,72000,0,0,36000,0,0,0,36000,0,197,776,0,0,,,,
1430600066.93544,pg_catalog,pg_constraint,0,0,7,0,7,0,0,0,7,0,5,24,8,55,0,0,0,0
1430600066.93544,pg_toast,pg_toast_2618,0,0,0,0,0,0,0,0,0,0,0,0,0,0,,,,
1430600066.93544,pg_catalog,pg_cast,0,0,164,67,0,0,0,0,0,0,0,67,0,173,,,,
1430600066.93544,pg_catalog,pg_ts_config,0,0,0,0,0,0,0,0,0,0,0,0,0,0,,,,
1430600066.93544,pg_catalog,pg_ts_parser,0,0,0,0,0,0,0,0,0,0,0,0,0,0,,,,
1430600066.93544,pg_toast,pg_toast_2620,0,0,0,0,0,0,0,0,0,0,0,0,0,0,,,,
1430600066.93544,pg_toast,pg_toast_2396,0,0,0,0,0,0,0,0,0,0,0,0,0,0,,,,
1430600066.93544,pg_catalog,pg_largeobject,0,0,0,0,0,0,0,0,0,0,0,0,0,0,,,,
1430600066.93544,pg_catalog,pg_enum,0,0,0,0,0,0,0,0,0,0,0,0,0,0,,,,
1430600066.93544,pg_catalog,pg_foreign_table,0,0,0,0,0,0,0,0,0,0,0,0,0,0,,,,
1430600066.93544,pg_catalog,pg_collation,0,0,0,0,0,0,0,0,0,0,0,0,0,0,,,,
1430600066.93544,pg_catalog,pg_am,39,39,0,0,0,0,0,0,0,0,1,38,0,0,,,,
1430600066.93544,pg_catalog,pg_proc,0,0,1,1,0,0,0,0,0,0,1,0,3,0,0,0,0,0
1430600066.93544,pg_catalog,pg_shdepend,33,33,3755,946,0,0,0,0,1,0,24,966,96,3915,,,,
1430600066.93544,pg_catalog,pg_language,1,4,0,0,0,0,0,0,0,0,1,0,2,0,,,,
1430600066.93544,pg_catalog,pg_range,0,0,0,0,0,0,0,0,0,0,0,0,0,0,,,,
1430600066.93544,pg_catalog,pg_attribute,11,75,366,1462,170,16,0,1,170,16,28,833,9,1512,,,,
1430600066.93544,public,order_line,0,0,,,1138059,0,0,0,1138059,0,14056,28095,,,,,,
1430600066.93544,pg_catalog,pg_database,2145,8345,64220,64194,13,0,12,0,4,1,36,66362,323,76809,,,,
1430600066.93544,public,stock,2,800000,0,0,400000,0,0,0,400000,0,48022,38936,0,0,,,,
1430600066.93544,pg_catalog,pg_conversion,0,0,0,0,0,0,0,0,0,0,0,0,0,0,,,,
1430600066.93544,pg_catalog,pg_type,0,0,157,121,18,0,0,0,18,0,8,168,8,415,,,,
1430600066.93544,pg_catalog,pg_trigger,0,0,0,0,0,0,0,0,0,0,0,0,0,0,0,0,0,0
1430600066.93544,information_schema,sql_implementation_info,0,0,,,0,0,0,0,0,0,0,0,,,0,0,0,0
1430600066.93544,information_schema,sql_languages,0,0,,,0,0,0,0,0,0,0,0,,,0,0,0,0
1430600066.93544,pg_toast,pg_toast_12309,0,0,0,0,0,0,0,0,0,0,0,0,0,0,,,,
1430600066.93544,pg_toast,pg_toast_12334,0,0,0,0,0,0,0,0,0,0,0,0,0,0,,,,
1430600066.93544,pg_catalog,pg_amop,0,0,2,3,0,0,0,0,0,0,2,1,6,0,,,,
1430600066.93544,pg_toast,pg_toast_1255,0,0,0,0,0,0,0,0,0,0,0,0,0,0,,,,
1430600066.93544,pg_toast,pg_toast_12314,0,0,0,0,0,0,0,0,0,0,0,0,0,0,,,,
1430600066.93544,pg_toast,pg_toast_12324,0,0,0,0,0,0,0,0,0,0,0,0,0,0,,,,
1430600066.93544,pg_catalog,pg_amproc,2,4,61,118,0,0,0,0,0,0,3,64,3,149,,,,
1430600066.93544,pg_toast,pg_toast_2964,0,0,0,0,0,0,0,0,0,0,0,0,0,0,,,,
1430600066.93544,pg_catalog,pg_ts_template,0,0,0,0,0,0,0,0,0,0,0,0,0,0,,,,
1430600066.93544,pg_catalog,pg_db_role_setting,34,0,25804,0,0,0,0,0,0,0,0,0,77,25727,0,0,0,0
1430600066.93544,pg_toast,pg_toast_2609,0,0,0,0,0,0,0,0,0,0,0,0,0,0,,,,
1430600066.93544,information_schema,sql_parts,0,0,,,0,0,0,0,0,0,0,0,,,0,0,0,0
1430600066.93544,public,warehouse,2,8,0,0,4,0,0,0,4,0,1,2,0,0,,,,
1430600066.93544,pg_catalog,pg_class,11,11,442,388,18,0,0,0,18,0,12,510,14,1054,,,,
1430600066.93544,pg_catalog,pg_seclabel,0,0,0,0,0,0,0,0,0,0,0,0,0,0,0,0,0,0
1430600066.93544,public,orders,3,360000,0,0,120000,0,0,0,120000,0,967,4821,0,0,,,,
1430600066.93544,pg_catalog,pg_ts_config_map,0,0,0,0,0,0,0,0,0,0,0,0,0,0,,,,
1430600066.93544,information_schema,sql_sizing,0,0,,,0,0,0,0,0,0,0,0,,,0,0,0,0
1430600066.93544,pg_toast,pg_toast_12339,0,0,0,0,0,0,0,0,0,0,0,0,0,0,,,,
1430600066.93544,information_schema,sql_packages,0,0,,,0,0,0,0,0,0,0,0,,,0,0,0,0
1430600066.93544,pg_toast,pg_toast_2606,0,0,0,0,0,0,0,0,0,0,0,0,0,0,,,,
1430600066.93544,pg_catalog,pg_pltemplate,22,176,0,0,0,0,0,0,8,0,22,11,0,0,,,,
1430600066.93544,public,district,2,80,0,0,40,0,0,0,40,0,1,2,0,0,,,,
1430600066.93544,pg_catalog,pg_auth_members,33,0,0,0,0,0,0,0,0,0,0,0,0,0,,,,
1430600066.93544,pg_catalog,pg_depend,0,0,255,229,58,0,0,0,58,0,10,331,14,764,,,,
1430600066.93544,pg_toast,pg_toast_2604,0,0,0,0,0,0,0,0,0,0,0,0,0,0,,,,
1430600066.93544,pg_catalog,pg_shseclabel,22,0,12,0,0,0,0,0,0,0,0,0,12,0,,,,
1430600066.93544,public,item,2,200000,0,0,100000,0,0,0,100000,0,1283,5240,0,0,,,,
1430600066.93544,information_schema,sql_features,0,0,,,0,0,0,0,0,0,0,0,,,0,0,0,0
1430600066.93544,pg_toast,pg_toast_12319,0,0,0,0,0,0,0,0,0,0,0,0,0,0,,,,
1430600066.93544,pg_catalog,pg_description,0,0,0,0,0,0,0,0,0,0,0,0,0,0,0,0,0,0
1430600066.93544,pg_catalog,pg_namespace,0,0,75,47,0,0,0,0,0,0,1,46,4,108,,,,
1430600066.93544,information_schema,sql_sizing_profiles,0,0,,,0,0,0,0,0,0,0,0,,,0,0,0,0
1430600066.93544,pg_catalog,pg_foreign_server,0,0,0,0,0,0,0,0,0,0,0,0,0,0,,,,
