# hostname;interval;timestamp;DEV;tps;rd_sec/s;wr_sec/s;avgrq-sz;avgqu-sz;await;svctm;%util
ECSPGSQL;60;1430599466;dasda;4.60;0.00;304.85;66.26;0.06;12.14;0.40;0.18
ECSPGSQL;60;1430599466;dasdb;0.00;0.00;0.00;0.00;0.00;0.00;0.00;0.00
ECSPGSQL;60;1430599466;sda;5259.78;0.00;181590.00;34.52;14.53;2.76;0.08;43.17
ECSPGSQL;60;1430599466;vgsys-swap;0.00;0.00;0.00;0.00;0.00;0.00;0.00;0.00
ECSPGSQL;60;1430599466;vgsys-postgreSQL;22698.75;0.00;181590.00;8.00;46.28;2.04;0.02;43.39
ECSPGSQL;60;1430599526;dasda;5.37;0.00;414.93;77.32;0.05;10.16;0.37;0.20
ECSPGSQL;60;1430599526;dasdb;0.00;0.00;0.00;0.00;0.00;0.00;0.00;0.00
ECSPGSQL;60;1430599526;sda;5071.53;0.00;166108.00;32.75;14.71;2.90;0.08;40.58
ECSPGSQL;60;1430599526;vgsys-swap;0.00;0.00;0.00;0.00;0.00;0.00;0.00;0.00
ECSPGSQL;60;1430599526;vgsys-postgreSQL;20766.02;0.00;166128.13;8.00;45.19;2.17;0.02;40.83
ECSPGSQL;60;1430599586;dasda;5.68;0.00;455.58;80.19;0.07;12.79;0.53;0.30
ECSPGSQL;60;1430599586;dasdb;0.00;0.00;0.00;0.00;0.00;0.00;0.00;0.00
ECSPGSQL;60;1430599586;sda;5772.38;0.00;179295.17;31.06;15.27;2.65;0.07;43.22
ECSPGSQL;60;1430599586;vgsys-swap;0.00;0.00;0.00;0.00;0.00;0.00;0.00;0.00
ECSPGSQL;60;1430599586;vgsys-postgreSQL;22409.38;0.00;179275.04;8.00;45.33;2.02;0.02;43.44
ECSPGSQL;60;1430599646;dasda;4.48;0.00;358.40;79.94;0.04;9.81;0.33;0.15
ECSPGSQL;60;1430599646;dasdb;0.00;0.00;0.00;0.00;0.00;0.00;0.00;0.00
ECSPGSQL;60;1430599646;sda;6505.05;0.00;200432.40;30.81;19.50;3.00;0.07;46.13
ECSPGSQL;60;1430599646;vgsys-swap;0.00;0.00;0.00;0.00;0.00;0.00;0.00;0.00
ECSPGSQL;60;1430599646;vgsys-postgreSQL;25054.05;0.00;200432.40;8.00;57.02;2.27;0.02;46.42
ECSPGSQL;60;1430599706;dasda;4.75;0.00;381.66;80.34;0.05;10.21;0.42;0.20
ECSPGSQL;60;1430599706;dasdb;0.00;0.00;0.00;0.00;0.00;0.00;0.00;0.00
ECSPGSQL;60;1430599706;sda;6077.70;0.00;170073.15;27.98;15.57;2.56;0.06;37.82
ECSPGSQL;60;1430599706;vgsys-swap;0.00;0.00;0.00;0.00;0.00;0.00;0.00;0.00
ECSPGSQL;60;1430599706;vgsys-postgreSQL;21259.14;0.00;170073.15;8.00;45.58;2.14;0.02;38.46
ECSPGSQL;60;1430599766;dasda;5.36;0.00;449.05;83.70;0.09;16.21;0.59;0.32
ECSPGSQL;60;1430599766;dasdb;0.00;0.00;0.00;0.00;0.00;0.00;0.00;0.00
ECSPGSQL;60;1430599766;sda;7422.56;0.00;202608.06;27.30;19.00;2.56;0.06;46.03
ECSPGSQL;60;1430599766;vgsys-swap;0.00;0.00;0.00;0.00;0.00;0.00;0.00;0.00
ECSPGSQL;60;1430599766;vgsys-postgreSQL;25326.01;0.00;202608.06;8.00;50.90;2.01;0.02;46.27
ECSPGSQL;60;1430599826;dasda;4.75;0.00;378.46;79.66;0.06;11.61;0.46;0.22
ECSPGSQL;60;1430599826;dasdb;0.00;0.00;0.00;0.00;0.00;0.00;0.00;0.00
ECSPGSQL;60;1430599826;sda;6949.96;0.00;199763.96;28.74;19.14;2.75;0.06;44.74
ECSPGSQL;60;1430599826;vgsys-swap;0.00;0.00;0.00;0.00;0.00;0.00;0.00;0.00
ECSPGSQL;60;1430599826;vgsys-postgreSQL;24970.50;0.00;199763.96;8.00;53.58;2.15;0.02;45.01
ECSPGSQL;60;1430599886;dasda;5.42;0.00;432.67;79.88;0.06;11.35;0.40;0.22
ECSPGSQL;60;1430599886;dasdb;0.00;0.00;0.00;0.00;0.00;0.00;0.00;0.00
ECSPGSQL;60;1430599886;sda;7128.63;0.00;201203.20;28.22;19.76;2.77;0.06;44.78
ECSPGSQL;60;1430599886;vgsys-swap;0.00;0.00;0.00;0.00;0.00;0.00;0.00;0.00
ECSPGSQL;60;1430599886;vgsys-postgreSQL;25150.40;0.00;201203.20;8.00;53.58;2.13;0.02;45.20
ECSPGSQL;60;1430599946;dasda;5.08;0.00;400.07;78.69;0.04;8.75;0.39;0.20
ECSPGSQL;60;1430599946;dasdb;0.00;0.00;0.00;0.00;0.00;0.00;0.00;0.00
ECSPGSQL;60;1430599946;sda;6675.70;0.00;190948.76;28.60;16.67;2.50;0.06;40.59
ECSPGSQL;60;1430599946;vgsys-swap;0.00;0.00;0.00;0.00;0.00;0.00;0.00;0.00
ECSPGSQL;60;1430599946;vgsys-postgreSQL;23868.59;0.00;190948.76;8.00;47.57;1.99;0.02;41.26
ECSPGSQL;60;1430600006;dasda;5.33;0.00;415.59;77.95;0.04;7.75;0.34;0.18
ECSPGSQL;60;1430600006;dasdb;0.00;0.00;0.00;0.00;0.00;0.00;0.00;0.00
ECSPGSQL;60;1430600006;sda;5495.88;0.00;155853.12;28.36;14.81;2.70;0.06;33.92
ECSPGSQL;60;1430600006;vgsys-swap;0.00;0.00;0.00;0.00;0.00;0.00;0.00;0.00
ECSPGSQL;60;1430600006;vgsys-postgreSQL;19481.64;0.00;155853.12;8.00;42.92;2.20;0.02;34.89
